company_id,company,year,achieved_ghg_emission_reductions,climate_change_mitigation,decarbonisation,disclosure_on_corruption_and_bribery,elimination_of_discrimination,expected_ghg_emission_reductions,financial_resources_allocated_for_esg,grievance_or_complaints_handling,human_rights_policy_commitments_for_employees,number_of_employees,number_of_severe_human_rights_issues,number_of_work_related_ill_health,percentage_of_employees_at_top_management_level,policy_related_to_water_and_marine_resources,renewable_energy_production,scope_1,scope_2,scope_3,total_amount_of_hazardous_waste,total_energy_consumption,total_energy_consumption_from_fossil_sources,total_energy_consumption_from_renewable_sources,total_ghg_emissions,total_waste_generated,total_water_consumption,training_within_organisation_on_business_conduct,violation_of_anti_corruption_and_anti_bribery_laws,whistleblowing_protection,workplace_accident_prevention_policy,emissions_to_air_by_pollutant,number_of_board_members,delivering_positive_impacts_for_own_workforce,human_rights_policy_commitments_for_customers_and_end_users,fines_paid_for_violation_of_anti_corruption_and_anti_bribery_laws,legal_proceedings_for_late_payments,mitigate_negative_impacts_on_own_workforce,total_energy_consumption_from_nuclear_sources,qualitative_sentences,quantitative_sentences,total sentences,esg sentences,qualitative_score,quantitative_score,industry,company_name
3,Aixtron,2017,5,3,5,3,1,0,1,3,7,2,0,3,1,1,0,0,0,4,0,15,1,0,1,0,0,2,1,0,3,,,,,,,,,62,4,310,116,0.2,0.012903226,Manufacturing,Aixtron SE
3,Aixtron,2018,1,0,11,10,0,0,3,5,10,11,2,12,2,2,1,1,0,1,0,16,2,1,0,0,0,7,3,3,1,,,,,,,,,105,4,504,237,0.208333333,0.007936508,Manufacturing,Aixtron SE
3,Aixtron,2019,3,1,14,12,1,0,2,5,3,6,1,16,2,0,2,0,1,0,0,21,0,2,7,0,0,4,1,2,0,,,,,,,,,106,3,572,245,0.185314685,0.005244755,Manufacturing,Aixtron SE
3,Aixtron,2020,5,4,19,4,1,0,1,1,3,4,0,15,1,3,4,0,0,0,0,15,2,3,4,0,1,7,1,1,4,,,,,,,,,103,8,874,325,0.11784897,0.009153318,Manufacturing,Aixtron SE
3,Aixtron,2021,0,5,14,5,0,0,3,4,7,4,0,11,2,5,1,0,0,0,3,12,3,2,4,3,0,8,2,3,3,,,,,,,,,104,2,710,262,0.146478873,0.002816901,Manufacturing,Aixtron SE
3,Aixtron,2022,1,9,17,6,1,0,1,0,5,3,1,8,1,3,1,0,0,0,4,3,0,2,4,2,2,11,2,1,3,,,,,,,,,81,4,823,251,0.098420413,0.004860267,Manufacturing,Aixtron SE
3,Aixtron,2023,5,6,23,14,2,1,9,3,6,9,2,8,1,1,4,0,0,1,7,15,2,3,2,1,1,10,1,4,2,,,,,,,,,143,3,990,361,0.144444444,0.003030303,Manufacturing,Aixtron SE
4,Alstria,2017,0,3,0,23,0,,12,5,0,1,2,,0,2,0,,,,,1,0,0,0,,,0,3,2,,0,,,,,,,,54,1,2649,329,0.020385051,0.000377501,Real estate,Alstria Office REIT-AG
4,Alstria,2018,0,3,1,27,0,,14,9,0,5,0,,0,0,1,,,,,0,0,0,0,,,6,2,2,,1,,,,,,,,71,7,2607,247,0.027234369,0.002685079,Real estate,Alstria Office REIT-AG
4,Alstria,2019,0,3,3,36,1,,5,5,8,3,0,,0,1,2,,,,,0,0,0,3,,,0,1,1,,0,,,,,,,,72,0,2864,324,0.025139665,0,Real estate,Alstria Office REIT-AG
4,Alstria,2020,0,4,2,15,0,,7,2,8,4,0,,1,2,0,,,,,0,0,0,1,,,0,0,1,,0,,,,,,,,47,3,3183,199,0.014765944,0.000942507,Real estate,Alstria Office REIT-AG
4,Alstria,2021,0,3,1,19,0,,9,5,8,4,0,,0,1,1,,,,,0,0,0,4,,,1,0,0,,0,,,,,,,,56,0,3273,210,0.017109685,0,Real estate,Alstria Office REIT-AG
4,Alstria,2022,1,2,1,11,0,,15,1,0,0,0,,0,0,0,,,,,0,2,1,2,,,0,1,0,,2,,,,,,,,39,5,3364,227,0.011593341,0.001486326,Real estate,Alstria Office REIT-AG
4,Alstria,2023,0,1,0,7,0,,24,1,0,0,0,,0,1,0,,,,,0,1,0,6,,,1,0,0,,2,,,,,,,,44,3,3295,219,0.013353566,0.00091047,Real estate,Alstria Office REIT-AG
5,Aroundtown,2017,0,0,0,9,0,,14,5,0,2,0,0,0,0,0,0,,0,0,1,0,0,2,0,0,3,0,1,0,0,0,,,,,,,37,4,1345,161,0.027509294,0.002973978,Real estate,Aroundtown SA
5,Aroundtown,2018,1,2,2,12,1,,12,3,0,4,0,0,1,1,0,0,,0,0,0,0,0,1,0,1,2,2,0,0,0,0,,,,,,,45,5,1619,235,0.027794935,0.003088326,Real estate,Aroundtown SA
5,Aroundtown,2019,0,1,3,16,1,,11,2,3,0,0,0,0,0,0,0,,1,1,1,0,0,0,0,1,4,2,3,0,0,0,,,,,,,50,5,1651,247,0.030284676,0.003028468,Real estate,Aroundtown SA
5,Aroundtown,2020,0,2,2,15,0,,12,1,0,4,0,0,0,1,0,0,,0,0,0,0,0,1,0,0,2,2,0,0,0,0,,,,,,,42,1,2263,230,0.018559434,0.000441891,Real estate,Aroundtown SA
5,Aroundtown,2021,0,2,5,16,1,,22,3,0,2,0,2,0,3,0,0,,0,1,2,0,2,0,0,1,9,1,1,0,0,0,,,,,,,73,3,3202,298,0.022798251,0.000936914,Real estate,Aroundtown SA
5,Aroundtown,2022,1,8,9,18,3,,22,6,1,1,0,1,0,3,0,0,,0,0,5,0,1,5,0,2,9,3,3,0,0,0,,,,,,,101,4,2618,401,0.038579068,0.001527884,Real estate,Aroundtown SA
5,Aroundtown,2023,5,28,32,40,5,,19,15,14,1,1,12,3,15,12,1,,3,2,15,3,5,6,3,12,20,5,5,3,1,1,,,,,,,287,7,4077,726,0.070394898,0.001716949,Real estate,Aroundtown SA
6,Aurubis,2017,3,2,9,5,3,,2,0,0,3,0,9,1,3,4,2,0,0,3,12,3,2,6,0,0,10,2,2,0,0,,,,,,,,86,6,1156,345,0.074394464,0.005190311,Manufacturing,Aurubis AG
6,Aurubis,2018,0,0,0,0,0,,0,0,0,0,0,3,0,2,0,0,1,0,1,3,0,0,0,0,0,0,0,0,0,0,,,,,,,,10,2,164,28,0.06097561,0.012195122,Manufacturing,Aurubis AG
6,Aurubis,2019,1,6,15,8,1,,5,3,4,3,0,18,1,7,7,0,0,1,2,19,1,6,5,1,2,6,0,2,0,0,,,,,,,,124,4,1728,496,0.071759259,0.002314815,Manufacturing,Aurubis AG
6,Aurubis,2020,0,0,0,0,0,,0,0,0,0,0,1,0,0,0,1,0,0,0,0,0,0,0,0,0,0,0,0,0,0,,,,,,,,2,0,181,28,0.011049724,0,Manufacturing,Aurubis AG
6,Aurubis,2022,0,0,0,0,0,,0,0,0,2,0,0,0,0,0,1,0,0,0,2,0,0,0,0,0,0,0,0,0,0,,,,,,,,5,4,156,27,0.032051282,0.025641026,Manufacturing,Aurubis AG
6,Aurubis,2023,0,4,7,9,2,,2,3,3,3,2,3,1,1,1,1,0,0,0,9,4,3,4,0,2,8,1,4,1,4,,,,,,,,82,4,1727,338,0.047481181,0.002316155,Manufacturing,Aurubis AG
7,Bechtle,2017,0,2,18,16,2,,3,7,5,9,0,2,0,0,9,0,0,0,2,4,1,2,3,1,1,19,1,2,0,,0,0,0,,,,,109,8,771,342,0.141374838,0.010376135,Telecommunication & IT,Bechtle AG
7,Bechtle,2018,0,1,7,19,3,,2,16,8,6,1,7,2,0,5,0,0,0,2,8,1,8,0,2,2,20,3,3,0,,0,0,1,,,,,127,13,901,443,0.140954495,0.014428413,Telecommunication & IT,Bechtle AG
7,Bechtle,2019,2,5,2,10,6,,0,16,13,4,1,17,4,4,0,1,1,0,6,7,4,1,4,2,0,9,5,4,2,,0,0,0,,,,,130,7,1179,484,0.110262935,0.005937235,Telecommunication & IT,Bechtle AG
7,Bechtle,2020,1,7,1,15,4,,1,4,13,3,1,11,7,5,7,0,1,2,9,7,5,2,7,7,0,18,4,4,2,,0,0,1,,,,,149,14,1435,497,0.103832753,0.009756098,Telecommunication & IT,Bechtle AG
7,Bechtle,2021,2,7,9,19,4,,4,9,10,5,2,7,0,2,1,1,1,4,11,15,1,2,3,1,0,21,3,5,2,,0,1,1,,,,,153,6,1121,427,0.136485281,0.005352364,Telecommunication & IT,Bechtle AG
7,Bechtle,2022,1,1,1,7,0,,0,2,7,2,0,1,1,0,0,1,0,1,0,3,0,3,5,4,0,8,1,2,0,,0,0,0,,,,,51,2,323,142,0.157894737,0.00619195,Telecommunication & IT,Bechtle AG
7,Bechtle,2023,1,1,1,5,1,,0,4,3,4,1,1,2,0,1,0,0,0,1,3,1,1,4,6,0,3,1,1,0,,1,0,0,,,,,47,4,343,143,0.137026239,0.011661808,Telecommunication & IT,Bechtle AG
8,Brenntag,2017,2,1,3,10,2,,0,7,14,7,2,26,0,0,1,0,0,0,2,6,1,1,2,1,9,19,3,11,1,0,0,1,0,,,,,132,12,871,366,0.151549943,0.013777268,Wholesale and retail trade,Brenntag AG
8,Brenntag,2018,1,2,1,2,3,,2,6,15,9,1,14,0,5,1,0,0,1,4,9,0,1,3,4,7,13,4,5,1,0,0,0,1,,,,,115,4,2610,461,0.044061303,0.001532567,Wholesale and retail trade,Brenntag AG
8,Brenntag,2019,3,3,1,8,2,,1,7,15,8,9,23,1,3,4,1,2,0,9,11,0,1,7,4,13,24,5,4,1,0,1,0,1,,,,,172,14,961,407,0.178980229,0.014568158,Wholesale and retail trade,Brenntag AG
8,Brenntag,2020,2,6,7,6,4,,2,2,3,15,2,14,0,4,7,0,2,2,6,12,1,2,5,2,15,8,6,3,0,0,0,0,0,,,,,138,15,838,320,0.164677804,0.017899761,Wholesale and retail trade,Brenntag AG
8,Brenntag,2021,3,10,6,15,2,,5,6,10,19,1,39,0,4,6,2,3,5,3,9,0,3,9,0,14,22,7,4,3,0,1,0,1,,,,,212,9,1136,531,0.186619718,0.007922535,Wholesale and retail trade,Brenntag AG
8,Brenntag,2022,0,13,5,11,0,,6,7,12,3,5,19,2,1,1,4,1,4,1,2,1,3,4,1,11,19,3,4,1,0,0,0,0,,,,,144,5,809,375,0.177997528,0.00618047,Wholesale and retail trade,Brenntag AG
8,Brenntag,2023,1,12,6,14,2,,5,4,10,2,4,18,1,3,2,4,1,3,4,3,1,5,12,0,7,13,3,3,0,1,0,0,0,,,,,144,3,835,359,0.17245509,0.003592814,Wholesale and retail trade,Brenntag AG
9,Cancom,2018,0,0,3,5,5,,0,2,8,3,0,3,0,1,0,0,0,1,2,8,0,1,0,0,1,5,2,2,0,,,,,0,,,,52,6,230,117,0.226086957,0.026086957,Telecommunication & IT,Cancom SE
9,Cancom,2019,0,0,3,3,1,,0,2,3,1,1,3,0,1,2,0,0,0,0,10,0,0,1,1,0,4,2,1,0,,,,,0,,,,39,5,228,126,0.171052632,0.021929825,Telecommunication & IT,Cancom SE
9,Cancom,2020,4,1,3,4,1,,0,7,11,6,0,7,1,2,3,0,0,0,1,19,0,3,4,0,0,12,5,7,0,,,,,0,,,,101,13,435,254,0.232183908,0.029885057,Telecommunication & IT,Cancom SE
9,Cancom,2021,4,12,6,12,7,,2,5,10,10,1,7,1,5,1,2,2,1,5,23,1,3,9,3,1,22,3,8,0,,,,,0,,,,166,25,835,458,0.198802395,0.02994012,Telecommunication & IT,Cancom SE
9,Cancom,2022,2,10,12,10,4,,0,2,7,5,1,10,0,3,5,1,5,0,4,19,0,4,4,2,0,27,7,7,2,,,,,1,,,,154,20,936,462,0.164529915,0.021367521,Telecommunication & IT,Cancom SE
1,AarealBank,2017,0,2,3,7,1,,1,1,10,3,0,2,0,0,0,0,0,0,,1,0,0,0,,,5,3,0,0,0,,,0,,,,,39,0,256,108,0.15234375,0,Financial and insurance,Aareal Bank AG
1,AarealBank,2018,0,6,2,8,4,,1,5,12,7,2,0,0,0,0,0,0,0,,2,0,0,0,,,6,2,1,0,0,,,0,,,,,58,2,303,161,0.191419142,0.00660066,Financial and insurance,Aareal Bank AG
1,AarealBank,2019,0,9,4,11,3,,2,5,12,5,0,0,0,0,0,0,0,0,,0,0,0,0,,,7,5,0,0,0,,,1,,,,,64,0,368,200,0.173913043,0,Financial and insurance,Aareal Bank AG
1,AarealBank,2020,1,17,6,22,4,,1,8,16,3,0,4,1,2,0,1,0,0,,9,0,1,1,,,9,3,2,0,1,,,2,,,,,114,6,558,303,0.204301075,0.010752688,Financial and insurance,Aareal Bank AG
1,AarealBank,2021,2,26,8,17,3,,2,5,21,9,0,3,1,1,0,0,0,0,,8,0,0,2,,,18,6,4,2,0,,,1,,,,,139,11,720,406,0.193055556,0.015277778,Financial and insurance,Aareal Bank AG
1,AarealBank,2022,1,22,10,16,4,,1,8,15,7,1,5,2,4,1,2,1,2,,6,0,0,2,,,22,7,5,0,0,,,3,,,,,147,9,728,404,0.201923077,0.012362637,Financial and insurance,Aareal Bank AG
1,AarealBank,2023,2,27,15,22,3,,15,11,17,8,1,0,1,3,0,1,0,1,,7,1,2,3,,,13,6,4,2,0,,,2,,,,,167,2,2298,437,0.072671889,0.000870322,Financial and insurance,Aareal Bank AG
2,Airbus,2017,0,0,1,11,0,0,31,1,0,2,1,0,0,0,0,0,0,0,0,0,0,0,0,0,0,1,9,1,0,,0,,0,0,1,0,,59,4,1573,297,0.037507947,0.002542912,Manufacturing,Airbus SE
2,Airbus,2018,0,2,1,11,0,0,20,4,0,2,0,0,1,0,0,0,0,0,0,0,1,0,0,0,0,4,2,0,0,,0,,0,1,1,0,,50,3,1712,280,0.029205607,0.001752336,Manufacturing,Airbus SE
2,Airbus,2019,0,1,0,19,0,0,24,1,0,5,0,0,1,0,0,0,0,0,0,0,0,0,0,0,0,6,16,0,0,,0,,0,0,3,0,,76,1,1803,333,0.042151969,0.000554631,Manufacturing,Airbus SE
2,Airbus,2020,0,0,2,12,0,0,21,1,0,3,0,0,0,0,0,0,0,0,0,0,0,0,0,0,0,5,14,1,0,,0,,0,1,1,0,,61,4,1874,337,0.032550694,0.002134472,Manufacturing,Airbus SE
2,Airbus,2021,0,1,2,2,0,0,21,0,0,1,0,1,0,0,0,0,0,0,0,1,0,0,0,0,0,8,3,0,0,,0,,0,1,0,0,,41,6,1810,261,0.022651934,0.003314917,Manufacturing,Airbus SE
2,Airbus,2022,10,57,43,39,1,1,27,21,37,39,11,43,1,22,8,3,1,3,11,13,0,5,15,5,13,56,10,20,3,,3,,1,0,1,1,,524,16,5182,1653,0.101119259,0.003087611,Manufacturing,Airbus SE
10,Zeiss,2020,5,13,8,15,4,,4,8,10,12,8,34,,7,5,2,3,1,3,4,3,,1,,19,34,7,7,2,,,,1,,,,,220,19,1109,532,0.198376916,0.017132552,Manufacturing,Carl Zeiss Meditec AG
12,CompuGroup,2017,0,3,0,13,5,,0,3,7,1,,1,,0,,,0,,,3,0,0,1,0,0,1,0,1,1,,,6,,,,,,46,1,280,134,0.164285714,0.003571429,Telecommunication & IT,CompuGroup Medical SE
12,CompuGroup,2018,0,2,1,6,5,,0,5,6,1,,1,,0,,,0,,,5,1,0,0,0,0,4,4,0,2,,,9,,,,,,52,1,284,139,0.183098592,0.003521127,Telecommunication & IT,CompuGroup Medical SE
12,CompuGroup,2019,1,8,0,11,8,,0,8,5,0,,0,,0,,,0,,,4,0,0,0,0,0,5,0,3,4,,,14,,,,,,71,0,331,169,0.214501511,0,Telecommunication & IT,CompuGroup Medical SE
12,CompuGroup,2020,0,4,1,10,4,,1,3,5,6,,3,,0,,,0,,,6,3,0,0,1,0,6,2,3,1,,,13,,,,,,72,3,401,208,0.179551122,0.007481297,Telecommunication & IT,CompuGroup Medical SE
12,CompuGroup,2021,0,10,5,10,6,,2,5,6,5,,1,,0,,,0,,,4,2,0,1,0,1,6,2,4,1,,,8,,,,,,79,4,535,255,0.147663551,0.007476636,Telecommunication & IT,CompuGroup Medical SE
12,CompuGroup,2022,0,1,1,1,0,,0,0,0,0,,0,,0,,,1,,,0,0,0,2,0,0,1,0,0,0,,,4,,,,,,11,0,658,66,0.016717325,0,Telecommunication & IT,CompuGroup Medical SE
12,CompuGroup,2023,1,5,4,9,9,,2,6,5,3,,0,,1,,,0,,,2,2,1,1,0,0,11,0,5,0,,,5,,,,,,72,2,631,231,0.114104596,0.003169572,Telecommunication & IT,CompuGroup Medical SE
14,Lufthansa,2017,0,29,17,11,22,,6,12,5,17,,2,2,3,3,0,0,1,1,13,6,0,24,4,1,20,2,3,7,,,32,,,,,,243,32,1791,702,0.135678392,0.017867113,Transportation and storage,Deutsche Lufthansa AG
14,Lufthansa,2018,2,34,10,19,19,,2,18,13,10,,8,0,2,2,0,0,0,1,16,5,0,22,3,3,28,2,4,10,,,32,,,,,,265,19,1865,675,0.142091153,0.010187668,Transportation and storage,Deutsche Lufthansa AG
14,Lufthansa,2019,0,42,17,16,22,,7,19,38,13,,9,0,4,4,0,0,2,1,15,5,2,24,3,5,23,3,2,10,,,39,,,,,,325,27,2158,894,0.15060241,0.012511585,Transportation and storage,Deutsche Lufthansa AG
14,Lufthansa,2020,0,1,0,0,0,,0,1,0,1,,0,0,0,0,0,0,0,0,0,1,0,13,0,0,0,0,0,1,,,1,,,,,,19,5,198,65,0.095959596,0.025252525,Transportation and storage,Deutsche Lufthansa AG
14,Lufthansa,2021,0,6,5,2,3,,0,1,3,1,,3,0,0,1,0,0,1,0,6,2,3,17,1,0,0,0,0,1,,,6,,,,,,62,20,488,188,0.12704918,0.040983607,Transportation and storage,Deutsche Lufthansa AG
14,Lufthansa,2022,2,9,3,1,2,,1,2,0,7,,0,0,0,0,1,0,1,0,3,2,1,17,4,0,1,0,0,1,,,6,,,,,,64,18,510,198,0.125490196,0.035294118,Transportation and storage,Deutsche Lufthansa AG
14,Lufthansa,2023,1,4,6,4,2,,0,2,3,5,,0,0,0,1,1,1,2,0,6,0,0,16,1,0,2,0,0,1,,,3,,,,,,61,19,379,167,0.160949868,0.050131926,Transportation and storage,Deutsche Lufthansa AG
16,Evonik,2017,0,5,5,1,0,,2,0,0,0,,2,0,0,0,0,,,0,12,2,1,11,0,0,2,0,0,0,,,1,,1,,,,45,9,2124,277,0.021186441,0.004237288,Manufacturing,Evonik Industries AG
16,Evonik,2018,0,35,2,4,6,,2,6,7,6,,13,1,8,0,7,,,2,15,4,1,34,5,43,12,3,4,6,,,10,,0,,,,236,35,1999,627,0.11805903,0.017508754,Manufacturing,Evonik Industries AG
16,Evonik,2019,0,7,5,5,0,,1,0,0,1,,2,0,0,1,3,,,0,10,3,2,13,1,1,4,0,2,1,,,1,,0,,,,63,6,2435,313,0.02587269,0.002464066,Manufacturing,Evonik Industries AG
16,Evonik,2020,0,2,1,0,0,,0,0,0,0,,0,0,0,0,0,,,0,0,0,0,4,0,0,1,0,0,0,,,0,,0,,,,8,0,2641,24,0.003029156,0,Manufacturing,Evonik Industries AG
16,Evonik,2021,0,11,6,0,1,,0,1,0,0,,1,0,1,5,0,,,0,10,6,4,21,0,3,0,0,0,1,,,0,,1,,,,72,14,2767,306,0.026020961,0.005059631,Manufacturing,Evonik Industries AG
16,Evonik,2022,2,17,8,11,2,,1,0,2,3,,5,0,1,3,0,,,0,21,6,2,32,0,3,6,2,2,5,,,10,,0,,,,144,12,3514,620,0.040978941,0.003414912,Manufacturing,Evonik Industries AG
17,Evotec,2020,,9,1,7,2,,1,2,4,5,,7,,1,0,3,,1,0,0,0,0,8,0,1,4,1,1,6,,,3,,0,,,,67,15,632,195,0.106012658,0.023734177,Scientific and technical activities,Evotec SE
17,Evotec,2021,,12,0,8,3,,0,3,4,7,,6,,1,0,1,,0,0,2,0,0,4,1,0,19,3,5,2,,,8,,1,,,,90,6,869,344,0.103567319,0.006904488,Scientific and technical activities,Evotec SE
17,Evotec,2022,,26,5,8,5,,2,4,3,4,,4,,1,2,0,,0,1,17,0,6,4,4,7,7,1,3,7,,,3,,0,,,,124,10,1279,332,0.096950743,0.007818608,Scientific and technical activities,Evotec SE
17,Evotec,2023,,25,3,2,1,,1,3,7,2,,0,,0,0,0,,1,4,15,2,4,1,5,20,6,2,0,3,,,2,,0,,,,109,29,1064,239,0.102443609,0.027255639,Scientific and technical activities,Evotec SE
18,Fraport,2017,,48,2,67,17,,30,41,5,10,,5,1,6,0,,,,,9,1,0,6,,1,13,14,2,10,0,0,36,,,,1,,325,26,5777,1120,0.056257573,0.004500606,Transportation and storage,Fraport AG
18,Fraport,2018,,15,8,39,2,,23,17,4,7,,1,1,2,0,,,,,5,2,0,15,,0,9,6,3,2,1,0,18,,,,0,,180,12,7232,673,0.024889381,0.001659292,Transportation and storage,Fraport AG
18,Fraport,2019,,38,10,67,21,,37,47,15,20,,13,0,4,3,,,,,8,6,2,24,,0,24,21,4,7,2,1,37,,,,0,,411,47,9210,1233,0.044625407,0.005103149,Transportation and storage,Fraport AG
18,Fraport,2020,,34,10,30,19,,26,33,9,12,,16,0,3,1,,,,,7,3,2,22,,2,15,11,7,11,0,0,37,,,,0,,310,21,7050,917,0.043971631,0.002978723,Transportation and storage,Fraport AG
18,Fraport,2022,,69,10,75,20,,63,57,8,11,,8,0,7,2,,,,,14,2,1,30,,1,46,21,8,8,1,0,37,,,,0,,499,40,6584,1426,0.075789793,0.006075334,Transportation and storage,Fraport AG
18,Fraport,2023,,6,2,19,4,,2,3,1,1,,2,0,1,0,,,,,3,0,0,2,,1,10,3,2,3,0,0,8,,,,0,,73,2,4704,507,0.015518707,0.00042517,Transportation and storage,Fraport AG
19,Freenet,2017,0,9,4,20,1,,17,11,1,10,,1,,0,0,0,0,,0,5,2,2,2,,,9,10,4,2,,0,9,,0,,,,119,15,5653,700,0.02105077,0.002653458,Telecommunication & IT,Freenet AG
19,Freenet,2018,0,18,4,35,1,,28,13,2,3,,7,,1,0,1,0,,2,4,0,1,4,,,12,9,0,0,,0,14,,0,,,,159,12,5826,663,0.027291452,0.002059732,Telecommunication & IT,Freenet AG
19,Freenet,2019,0,8,1,23,5,,34,13,2,8,,1,,2,0,0,0,,0,4,2,1,1,,,11,6,3,0,,0,7,,0,,,,132,23,3489,688,0.03783319,0.006592147,Telecommunication & IT,Freenet AG
19,Freenet,2020,0,11,7,24,2,,18,10,3,3,,3,,2,0,0,0,,0,4,1,1,0,,,10,6,1,4,,0,5,,0,,,,115,7,3790,591,0.030343008,0.001846966,Telecommunication & IT,Freenet AG
19,Freenet,2021,4,21,7,19,8,,13,8,8,4,,6,,1,3,0,0,,0,7,3,2,10,,,19,4,0,3,,0,13,,1,,,,164,23,3424,661,0.047897196,0.00671729,Telecommunication & IT,Freenet AG
19,Freenet,2022,0,9,5,8,2,,6,1,3,4,,2,,1,0,0,0,,0,7,1,4,2,,,6,4,3,1,,2,3,,1,,,,75,9,4743,582,0.015812777,0.001897533,Telecommunication & IT,Freenet AG
19,Freenet,2023,1,21,12,24,9,,16,13,7,5,,12,,0,2,0,1,,0,13,1,1,8,,,18,3,5,9,,0,17,,0,,,,198,15,4662,726,0.042471042,0.003217503,Telecommunication & IT,Freenet AG
20,Fuchs,2017,0,2,1,1,0,,0,0,0,0,,0,,2,0,0,0,0,0,2,0,0,6,0,2,1,0,0,0,,0,0,,,,,,17,0,120,49,0.141666667,0,Manufacturing,Fuchs Petrolub SE
20,Fuchs,2018,1,6,0,1,1,,1,2,2,0,,0,,2,0,0,0,0,0,5,1,2,2,1,3,2,0,0,1,,0,0,,,,,,33,8,191,81,0.172774869,0.041884817,Manufacturing,Fuchs Petrolub SE
20,Fuchs,2019,0,6,1,1,1,,0,1,2,1,,1,,1,2,0,0,0,0,1,0,0,2,1,1,4,0,0,1,,0,1,,,,,,28,3,189,85,0.148148148,0.015873016,Manufacturing,Fuchs Petrolub SE
20,Fuchs,2020,0,9,1,0,0,,2,1,3,2,,2,,1,4,0,0,0,0,8,1,2,1,3,2,4,0,1,0,,0,3,,,,,,50,6,379,153,0.131926121,0.015831135,Manufacturing,Fuchs Petrolub SE
20,Fuchs,2021,0,12,2,7,6,,1,1,5,2,,4,,1,1,2,1,2,1,8,1,8,10,5,7,3,1,0,3,,0,8,,,,,,102,16,658,249,0.155015198,0.024316109,Manufacturing,Fuchs Petrolub SE
20,Fuchs,2022,0,10,4,5,3,,1,5,6,2,,1,,1,1,6,2,0,2,10,3,5,7,2,18,4,3,1,2,,0,1,,,,,,105,17,839,283,0.125148987,0.020262217,Manufacturing,Fuchs Petrolub SE
20,Fuchs,2023,0,8,2,25,0,,14,6,5,1,,1,,3,1,0,0,0,1,10,1,2,14,0,7,16,3,4,1,,1,3,,,,,,129,11,3602,326,0.035813437,0.003053859,Manufacturing,Fuchs Petrolub SE
11,Commerzbank,2021,,30,,17,14,,8,12,1,2,,,,,1,,,,,2,,1,7,,,21,2,3,1,,,7,,,,,,129,6,857,374,0.150525088,0.007001167,Financial and insurance,Commerzbank AG
11,Commerzbank,2021,,30,,17,14,,8,12,1,2,,,,,1,,,,,2,,1,7,,,21,2,3,1,,,7,,,,,,129,6,857,374,0.150525088,0.007001167,Financial and insurance,Commerzbank AG
23,GrandCity,2017,,8,2,4,5,,1,4,3,0,,2,,3,0,0,1,,1,2,0,1,4,4,5,3,0,1,0,,,1,,,,,,55,6,349,135,0.157593123,0.017191977,Real estate,Grand City Properties S.A.
23,GrandCity,2018,,5,0,4,1,,0,1,1,1,,0,,0,0,1,0,,0,2,0,0,2,1,1,2,0,1,0,,,0,,,,,,23,2,858,97,0.026806527,0.002331002,Real estate,Grand City Properties S.A.
23,GrandCity,2019,,21,8,0,5,,3,0,7,2,,2,,7,1,1,0,,2,8,2,0,13,9,9,2,0,2,0,,,10,,,,,,114,16,718,293,0.158774373,0.022284123,Real estate,Grand City Properties S.A.
23,GrandCity,2020,,5,3,4,2,,0,0,6,1,,4,,0,2,0,0,,0,2,1,1,3,0,0,2,3,1,2,,,4,,,,,,46,4,391,131,0.117647059,0.010230179,Real estate,Grand City Properties S.A.
23,GrandCity,2021,,12,4,8,2,,3,0,8,1,,3,,0,3,0,0,,0,0,0,0,0,0,0,6,1,3,3,,,4,,,,,,61,3,535,172,0.114018692,0.005607477,Real estate,Grand City Properties S.A.
23,GrandCity,2022,,47,1,7,1,,6,9,3,0,,0,,5,2,0,0,,1,1,1,1,7,7,4,11,1,5,4,,,7,,,,,,131,14,886,304,0.14785553,0.015801354,Real estate,Grand City Properties S.A.
23,GrandCity,2023,,38,7,20,3,,10,6,32,0,,3,,7,4,0,0,,2,3,1,2,9,4,12,13,3,1,2,,,2,,,,,,184,5,3414,547,0.053895723,0.001464558,Real estate,Grand City Properties S.A.
22,Gerresheimer,2020,,24,1,35,8,,18,17,3,9,,13,0,6,0,0,0,2,2,2,1,0,15,11,24,24,16,4,5,,,27,,0,,,,267,26,2561,776,0.10425615,0.010152284,Manufacturing,Gerresheimer AG
22,Gerresheimer,2021,,18,0,5,4,,1,8,14,6,,14,0,4,2,0,3,0,2,1,1,1,13,9,20,11,5,3,2,,,8,,1,,,,156,16,1006,356,0.155069583,0.015904573,Manufacturing,Gerresheimer AG
22,Gerresheimer,2022,,10,3,7,8,,1,8,12,5,,4,1,5,1,5,0,0,3,2,0,3,13,8,21,5,9,2,1,,,6,,1,,,,144,20,895,343,0.160893855,0.022346369,Manufacturing,Gerresheimer AG
22,Gerresheimer,2023,,14,3,10,5,,0,4,7,17,,10,0,2,5,1,3,0,8,0,1,2,10,10,25,14,7,2,3,,,8,,1,,,,172,24,1104,383,0.155797101,0.02173913,Manufacturing,Gerresheimer AG
21,GEAGroup,2018,,16,1,6,4,,0,9,8,5,,12,1,0,0,0,,0,0,2,0,0,8,0,3,17,2,9,6,,,8,,2,,,,119,16,478,270,0.248953975,0.033472803,Manufacturing,GEA Group AG
21,GEAGroup,2019,,21,0,12,5,,1,8,10,6,,13,0,4,0,0,,1,0,5,1,0,13,2,28,23,4,11,10,,,7,,0,,,,185,27,883,427,0.209513024,0.030577576,Manufacturing,GEA Group AG
21,GEAGroup,2020,,31,2,9,4,,2,13,6,6,,12,0,5,1,0,,1,1,4,0,1,20,4,35,30,8,5,2,,,2,,0,,,,204,31,1093,511,0.186642269,0.028362306,Manufacturing,GEA Group AG
21,GEAGroup,2021,,27,5,4,7,,0,6,1,0,,4,0,6,3,2,,5,4,3,2,1,12,4,21,11,3,1,7,,,8,,0,,,,147,22,1584,488,0.09280303,0.013888889,Manufacturing,GEA Group AG
21,GEAGroup,2022,,75,18,2,8,,11,10,8,9,,10,0,11,7,2,,1,1,37,5,7,50,1,47,31,1,5,15,,,17,,0,,,,389,42,2270,901,0.171365639,0.018502203,Manufacturing,GEA Group AG
21,GEAGroup,2023,,100,24,9,13,,9,6,17,10,,17,1,12,8,2,,2,6,19,2,9,48,6,35,25,2,9,9,,,16,,0,,,,416,65,1972,862,0.210953347,0.03296146,Manufacturing,GEA Group AG
24,Grenke,2019,,8,4,22,2,,53,6,1,4,,2,,0,0,,,0,,2,1,,1,,,14,6,2,2,,1,13,,,,,,144,16,3664,504,0.03930131,0.004366812,Financial and insurance,Grenke AG
24,Grenke,2020,,13,2,12,1,,26,6,1,5,,0,,0,0,,,0,,0,0,,1,,,13,5,3,0,,0,3,,,,,,91,16,4279,394,0.021266651,0.003739191,Financial and insurance,Grenke AG
24,Grenke,2021,,6,2,11,2,,16,3,0,2,,0,,0,0,,,1,,1,1,,2,,,0,4,1,0,,0,0,,,,,,52,8,4803,596,0.010826567,0.001665626,Financial and insurance,Grenke AG
24,Grenke,2022,,7,2,5,1,,12,1,0,1,,0,,1,1,,,0,,2,0,,3,,,4,2,3,0,,0,0,,,,,,45,3,5228,268,0.008607498,0.000573833,Financial and insurance,Grenke AG
24,Grenke,2023,,1,0,0,0,,0,0,0,0,,0,,0,0,,,0,,1,0,,7,,,0,0,0,0,,0,0,,,,,,9,0,5260,76,0.001711027,0,Financial and insurance,Grenke AG
26,Hella,2017,1,6,5,14,0,,22,6,3,2,,3,,0,0,0,,,,2,4,,3,,0,11,4,2,3,,0,10,,,,1,,102,16,2920,398,0.034931507,0.005479452,Manufacturing,HELLA GmbH & Co. KGaA
26,Hella,2018,1,14,18,17,1,,23,5,1,10,,4,,2,1,1,,,,3,3,,3,,1,16,5,1,2,,1,10,,,,0,,143,13,3050,544,0.046885246,0.004262295,Manufacturing,HELLA GmbH & Co. KGaA
27,HelloFresh,2017,0,14,0,18,,,17,11,0,2,,0,,1,0,,,,,0,1,0,3,1,0,3,7,1,0,,,6,,,,,,85,2,1705,503,0.049853372,0.001173021,Manufacturing,HelloFresh SE
27,HelloFresh,2018,1,19,1,19,,,7,4,0,1,,1,,0,0,,,,,0,0,0,2,0,0,4,10,0,0,,,12,,,,,,81,2,2086,529,0.038830297,0.000958773,Manufacturing,HelloFresh SE
27,HelloFresh,2019,0,15,1,24,,,14,10,0,4,,0,,1,0,,,,,1,0,0,3,0,1,4,8,0,0,,,7,,,,,,93,4,1891,508,0.049180328,0.002115283,Manufacturing,HelloFresh SE
27,HelloFresh,2020,0,13,0,27,,,19,11,0,3,,1,,0,1,,,,,0,2,0,2,0,0,3,12,0,0,,,8,,,,,,102,5,2380,482,0.042857143,0.00210084,Manufacturing,HelloFresh SE
27,HelloFresh,2021,0,17,0,29,,,22,10,0,4,,0,,0,0,,,,,2,0,1,2,0,0,5,6,0,0,,,7,,,,,,105,9,1955,463,0.05370844,0.004603581,Manufacturing,HelloFresh SE
27,HelloFresh,2022,0,9,1,11,,,20,2,1,2,,0,,1,0,,,,,1,1,0,2,0,0,4,2,0,1,,,5,,,,,,63,11,2096,359,0.030057252,0.005248092,Manufacturing,HelloFresh SE
25,HannoverRe,2022,,76,2,8,9,,4,4,8,11,,5,,2,3,,,,,,,1,5,1,1,16,1,2,2,,,24,,,,,,185,5,1457,512,0.126973233,0.003431709,Financial and insurance,Hannover Rück SE
29,HugoBoss,2017,0,13,5,19,8,,0,26,19,3,,7,1,9,1,0,,0,1,14,1,1,17,3,21,14,5,0,3,,,15,,,,1,,207,12,1063,470,0.194731891,0.011288805,Manufacturing,Hugo Boss AG
29,HugoBoss,2018,0,17,0,9,7,,0,7,10,5,,4,1,7,1,1,,0,0,13,2,0,10,1,12,5,2,1,4,,,4,,,,0,,123,5,3439,829,0.035766211,0.001453911,Manufacturing,Hugo Boss AG
29,HugoBoss,2019,1,32,6,12,15,,0,8,27,7,,9,0,9,2,0,,0,2,17,2,4,13,4,24,18,6,7,8,,,17,,,,0,,250,21,1283,533,0.194855807,0.016367888,Manufacturing,Hugo Boss AG
29,HugoBoss,2020,0,44,3,16,18,,1,19,43,5,,11,0,17,1,0,,1,2,20,1,4,19,5,33,20,4,6,7,,,17,,,,0,,317,24,3429,1006,0.092446777,0.006999125,Manufacturing,Hugo Boss AG
29,HugoBoss,2021,2,67,4,14,23,,2,15,30,11,,13,0,15,6,1,,0,2,20,4,5,18,6,32,24,7,10,7,,,21,,,,0,,359,21,1536,774,0.233723958,0.013671875,Manufacturing,Hugo Boss AG
29,HugoBoss,2022,0,60,1,12,22,,0,19,30,10,,17,0,17,4,1,,0,0,14,2,0,25,7,39,14,7,11,12,,,18,,,,0,,342,23,3986,955,0.085800301,0.005770196,Manufacturing,Hugo Boss AG
29,HugoBoss,2023,1,49,10,11,19,,2,14,32,18,,12,0,14,4,2,,0,3,20,2,3,22,7,30,21,6,13,14,,,34,,,,0,,363,28,1407,764,0.257995736,0.019900498,Manufacturing,Hugo Boss AG
37,Nemetschek,2018,0,8,0,2,3,,0,3,2,1,,,,0,0,0,0,0,0,0,0,,0,0,0,2,1,1,0,,,2,,,,,,25,1,195,95,0.128205128,0.005128205,Telecommunication & IT,Nemetschek SE
37,Nemetschek,2019,0,11,1,3,1,,0,2,0,6,,,,0,1,0,0,0,0,5,0,,0,0,1,8,0,4,0,,,3,,,,,,46,5,433,138,0.106235566,0.011547344,Telecommunication & IT,Nemetschek SE
37,Nemetschek,2020,0,10,8,5,2,,0,8,2,3,,,,1,0,0,0,0,1,6,0,,2,1,1,11,0,6,1,,,6,,,,,,74,1,564,219,0.131205674,0.00177305,Telecommunication & IT,Nemetschek SE
37,Nemetschek,2021,0,16,4,6,3,,1,8,1,4,,,,1,1,1,0,0,0,7,1,,4,1,1,11,2,10,2,,,7,,,,,,92,6,612,238,0.150326797,0.009803922,Telecommunication & IT,Nemetschek SE
37,Nemetschek,2022,0,21,6,8,4,,1,6,2,3,,,,2,1,0,0,1,0,5,1,,7,0,0,14,3,2,1,,,7,,,,,,95,5,695,293,0.136690647,0.007194245,Telecommunication & IT,Nemetschek SE
37,Nemetschek,2023,1,13,5,4,3,,6,4,3,5,,,,2,4,0,2,0,0,10,0,,9,0,0,17,4,7,1,,,11,,,,,,111,7,559,262,0.198568873,0.012522361,Telecommunication & IT,Nemetschek SE
36,Morphosys,2023,,2,,3,,,,,,,,,,,,,,2,,,,,4,,,3,,1,,,,,,,,,,15,1,479,58,0.03131524,0.002087683,Manufacturing,Morphosys AG
33,Lanxess,2017,0,21,5,24,3,,28,19,16,9,,4,,1,0,0,1,0,2,22,2,1,9,7,21,19,11,3,3,,1,14,,0,,,,246,19,4409,811,0.055794965,0.004309367,Manufacturing,Lanxess AG
33,Lanxess,2018,0,26,5,34,0,,36,11,2,5,,8,,7,0,1,0,2,1,22,2,2,18,5,21,14,8,3,2,,0,10,,0,,,,245,15,4820,657,0.050829876,0.003112033,Manufacturing,Lanxess AG
33,Lanxess,2019,1,23,4,19,5,,29,3,2,1,,1,,1,2,1,0,1,0,23,0,2,23,4,9,13,2,0,2,,0,15,,0,,,,186,10,4578,789,0.040629096,0.00218436,Manufacturing,Lanxess AG
33,Lanxess,2020,0,20,6,20,5,,26,7,2,1,,8,,0,1,3,0,0,2,25,0,2,21,1,3,8,2,1,4,,0,4,,0,,,,172,15,5137,813,0.033482577,0.002919992,Manufacturing,Lanxess AG
33,Lanxess,2021,0,24,3,16,3,,40,5,5,2,,8,,8,2,3,1,0,0,16,0,1,23,8,33,12,4,2,6,,0,6,,0,,,,231,14,4622,808,0.049978364,0.003028992,Manufacturing,Lanxess AG
33,Lanxess,2022,0,25,8,20,5,,39,2,5,5,,11,,11,3,0,0,0,3,14,1,1,30,5,41,17,8,3,7,,0,7,,1,,,,272,18,4942,910,0.055038446,0.00364225,Manufacturing,Lanxess AG
33,Lanxess,2023,2,36,4,23,5,,23,7,1,7,,10,,7,4,1,0,0,3,14,3,3,22,4,35,16,6,1,8,,0,15,,0,,,,260,18,5025,869,0.051741294,0.00358209,Manufacturing,Lanxess AG
32,KnorrBremse,2017,1,2,5,1,0,,2,0,0,4,,1,,0,1,0,,,,4,4,0,1,,0,0,0,0,0,,0,0,,,,0,,26,3,1350,114,0.019259259,0.002222222,Manufacturing,Knorr-Bremse AG
32,KnorrBremse,2018,0,2,3,0,0,,1,0,0,1,,0,,0,1,0,,,,3,2,0,0,,0,0,0,0,0,,0,0,,,,0,,13,4,1411,78,0.009213324,0.002834869,Manufacturing,Knorr-Bremse AG
32,KnorrBremse,2019,0,9,5,23,3,,19,10,1,4,,1,,1,0,0,,,,3,0,1,0,,0,15,8,3,1,,2,12,,,,0,,121,5,3439,492,0.035184647,0.001453911,Manufacturing,Knorr-Bremse AG
32,KnorrBremse,2020,0,15,5,33,3,,23,7,2,9,,1,,2,2,0,,,,3,1,1,1,,1,6,3,1,0,,1,7,,,,1,,128,11,3404,532,0.03760282,0.003231492,Manufacturing,Knorr-Bremse AG
32,KnorrBremse,2021,0,10,3,21,6,,13,5,0,4,,2,,1,1,1,,,,2,2,2,0,,0,5,2,0,1,,4,10,,,,0,,95,3,3819,420,0.024875622,0.000785546,Manufacturing,Knorr-Bremse AG
32,KnorrBremse,2022,0,12,3,24,4,,11,6,9,9,,1,,2,0,0,,,,6,0,4,4,,0,7,5,1,1,,0,10,,,,0,,119,10,4567,474,0.026056492,0.002189621,Manufacturing,Knorr-Bremse AG
32,KnorrBremse,2023,0,13,4,7,1,,6,4,2,0,,2,,0,2,0,,,,10,2,0,2,,0,10,3,6,1,,0,5,,,,0,,80,2,4290,375,0.018648019,0.0004662,Manufacturing,Knorr-Bremse AG
31,KionGroup,2022,0,59,12,18,8,,6,11,9,12,,15,,0,3,3,,1,1,2,3,3,35,0,5,25,4,8,11,,,19,,1,,,,274,18,1278,554,0.214397496,0.014084507,Manufacturing,Kion Group AG
31,KionGroup,2023,1,63,13,11,7,,2,11,6,6,,22,,3,4,1,,1,0,3,3,2,40,4,8,27,6,17,13,,,20,,0,,,,294,18,1170,604,0.251282051,0.015384615,Manufacturing,Kion Group AG
40,Puma,2017,,13,2,22,10,,10,4,6,11,,6,1,7,1,0,,0,0,6,0,1,10,0,10,14,2,2,1,,,22,,,,0,,161,10,5373,505,0.029964638,0.001861158,Manufacturing,Puma SE
40,Puma,2018,,16,3,21,10,,23,6,6,16,,4,0,9,1,0,,0,0,2,1,0,7,2,10,17,4,3,5,,,21,,,,0,,187,13,5347,699,0.034972882,0.00243127,Manufacturing,Puma SE
40,Puma,2020,,36,3,29,22,,15,20,14,17,,19,0,8,4,1,,0,1,6,2,1,13,6,8,18,8,5,10,,,48,,,,1,,315,12,6703,991,0.046993883,0.001790243,Manufacturing,Puma SE
40,Puma,2022,,97,10,53,35,,18,56,26,24,,20,0,22,13,9,,1,3,17,3,17,52,12,63,44,10,9,20,,,64,,,,0,,698,30,8574,1776,0.081408911,0.00349895,Manufacturing,Puma SE
40,Puma,2023,,111,16,35,46,,24,50,43,38,,31,1,45,15,5,,0,10,18,15,19,54,33,82,45,11,16,18,,,91,,,,1,,873,55,9727,1954,0.08975018,0.005654364,Manufacturing,Puma SE
35,Metro,2017,,32,7,11,15,,4,13,18,9,,10,2,21,3,0,,1,0,16,,2,22,4,12,21,3,0,2,,,22,,,,,,250,29,1556,682,0.16066838,0.018637532,Wholesale and retail trade,Metro AG
35,Metro,2018,,4,0,3,3,,0,2,10,7,,6,0,1,0,0,,0,1,3,,0,12,6,9,2,0,0,1,,,5,,,,,,75,16,430,192,0.174418605,0.037209302,Wholesale and retail trade,Metro AG
35,Metro,2019,,9,1,8,8,,1,7,15,7,,3,0,4,1,0,,1,0,10,,0,13,0,9,15,1,0,1,,,6,,,,,,120,13,630,326,0.19047619,0.020634921,Wholesale and retail trade,Metro AG
35,Metro,2020,,16,2,4,6,,2,4,7,10,,6,0,4,3,0,,0,1,8,,2,12,6,14,8,1,1,4,,,5,,,,,,126,24,582,306,0.216494845,0.041237113,Wholesale and retail trade,Metro AG
35,Metro,2021,,8,1,4,6,,0,3,2,12,,5,0,2,1,1,,1,0,4,,3,11,2,14,3,0,0,4,,,7,,,,,,94,16,491,260,0.191446029,0.032586558,Wholesale and retail trade,Metro AG
38,OSRAMLicht,2017,1,14,1,12,12,,2,7,15,8,,6,,2,1,1,,,2,12,,,13,4,10,22,2,2,5,,,10,,,,,,164,22,880,390,0.186363636,0.025,Manufacturing,OSRAM Licht AG
38,OSRAMLicht ,2018,1,8,1,11,4,,0,6,8,2,,3,0,2,1,0,,0,0,11,0,2,3,0,0,9,1,6,8,,0,3,,,,0,,90,3,375,192,0.24,0.008,Manufacturing,OSRAM Licht AG
38,OSRAMLicht ,2019,0,16,3,12,5,,0,11,16,3,,5,0,1,1,0,,0,0,15,0,3,4,0,1,21,5,10,9,,0,10,,,,0,,151,9,544,316,0.277573529,0.016544118,Manufacturing,OSRAM Licht AG
38,OSRAMLicht ,2020,0,10,6,17,4,,0,14,23,6,,15,0,2,3,1,,0,0,16,0,5,9,0,0,18,5,6,10,,1,13,,,,1,,185,13,743,390,0.248990579,0.017496635,Manufacturing,OSRAM Licht AG
38,OSRAMLicht ,2021,0,33,6,9,8,,3,9,22,10,,17,1,1,1,0,,1,4,17,1,0,13,5,29,30,3,6,8,,0,19,,,,0,,256,47,1405,561,0.182206406,0.033451957,Manufacturing,OSRAM Licht AG
38,OSRAMLicht ,2022,0,6,4,17,2,,3,4,25,1,,3,0,0,0,0,,0,0,1,0,0,9,0,0,13,6,0,1,,0,0,,,,0,,95,6,1569,261,0.06054812,0.003824092,Manufacturing,OSRAM Licht AG
38,OSRAMLicht ,2023,1,33,15,17,10,,7,6,20,11,,13,0,3,4,1,,1,3,13,2,6,21,6,13,26,8,5,8,,0,12,,,,0,,265,20,1586,656,0.167087011,0.01261034,Manufacturing,OSRAM Licht AG
47,Scout24,2020,2,31,8,6,14,,1,,0,5,,1,,,4,0,,2,,11,,,2,1,,39,,1,2,,,52,,,,,,182,16,1176,517,0.154761905,0.013605442,Telecommunication & IT,Scout24 AG
47,Scout24,2021,1,29,9,5,6,,2,,4,0,,1,,,4,0,,2,,10,,,9,1,,38,,4,6,,,23,,,,,,154,16,1207,385,0.127589064,0.013256007,Telecommunication & IT,Scout24 AG
47,Scout24,2022,0,27,8,6,9,,2,,1,0,,0,,,5,4,,0,,10,,,10,0,,40,,3,0,,,23,,,,,,148,12,950,391,0.155789474,0.012631579,Telecommunication & IT,Scout24 AG
47,Scout24,2023,0,1,0,0,0,,0,,0,0,,0,,,0,0,,0,,0,,,0,0,,0,,0,0,,,0,,,,,,1,0,8,6,0.125,0,Telecommunication & IT,Scout24 AG
41,Qiagen,2021,,27,3,5,11,,0,0,16,1,,3,,,4,1,1,3,,5,,0,3,6,9,29,,3,6,,,4,,,,,,140,12,598,284,0.234113712,0.02006689,Scientific and technical activities,Qiagen N.V.
41,Qiagen,2022,,42,3,11,7,,6,0,16,0,,0,,,4,1,0,2,,9,,0,4,8,3,42,,2,7,,,18,,,,,,185,7,830,447,0.222891566,0.008433735,Scientific and technical activities,Qiagen N.V.
41,Qiagen,2023,,32,12,9,12,,1,1,26,2,,0,,,8,2,1,0,,1,,4,7,14,3,85,,4,15,,,25,,,,,,264,19,1018,523,0.259332024,0.018664047,Scientific and technical activities,Qiagen N.V.
42,Rational,2017,,4,3,15,0,,0,0,0,,,,,,0,,,0,,11,,0,0,2,1,6,,2,0,,,2,,,,,,46,5,587,155,0.078364566,0.008517888,Manufacturing,Rational AG
42,Rational,2018,,1,5,3,0,,0,0,0,,,,,,0,,,0,,12,,0,0,1,0,5,,0,2,,,1,,,,,,30,8,1637,328,0.018326206,0.004886988,Manufacturing,Rational AG
42,Rational,2019,,1,3,0,0,,0,0,0,,,,,,0,,,0,,10,,0,0,0,0,0,,0,0,,,0,,,,,,14,5,814,51,0.017199017,0.006142506,Manufacturing,Rational AG
42,Rational,2020,,8,4,4,1,,2,0,5,,,,,,2,,,0,,13,,1,0,10,11,7,,5,6,,,8,,,,,,87,14,3140,2,0.027707006,0.004458599,Manufacturing,Rational AG
42,Rational,2021,,4,0,9,1,,0,0,2,,,,,,0,,,1,,7,,0,0,1,0,9,,0,0,,,2,,,,,,36,1,615,165,0.058536585,0.001626016,Manufacturing,Rational AG
42,Rational,2022,,10,1,2,2,,1,0,1,,,,,,0,,,0,,7,,0,0,0,0,16,,0,0,,,9,,,,,,49,2,1585,198,0.030914826,0.00126183,Manufacturing,Rational AG
42,Rational,2023,,27,1,5,2,,10,1,1,,,,,,0,,,0,,8,,1,2,1,0,40,,5,2,,,26,,,,,,132,13,1762,456,0.074914869,0.00737798,Manufacturing,Rational AG
43,Rheinmetall,2017,0,36,7,16,7,,16,1,8,6,,0,,,4,1,0,0,,14,0,0,1,1,0,68,,4,3,,,52,,,,,,245,21,3132,809,0.078224777,0.006704981,Manufacturing,Rheinmetall AG
43,Rheinmetall,2018,0,39,11,19,8,,17,0,14,3,,0,,,7,2,0,2,,16,0,0,1,1,0,54,,7,0,,,48,,,,,,249,11,3247,882,0.076686172,0.003387743,Manufacturing,Rheinmetall AG
43,Rheinmetall,2019,0,43,11,19,6,,19,0,17,3,,0,,,5,0,1,2,,8,0,0,2,0,0,67,,3,6,,,42,,,,,,254,9,3436,829,0.073923166,0.002619325,Manufacturing,Rheinmetall AG
43,Rheinmetall,2020,0,52,15,21,10,,21,0,14,2,,0,,,7,3,0,1,,12,0,2,3,4,10,95,,7,5,,,45,,,,,,329,19,3809,993,0.086374376,0.004988186,Manufacturing,Rheinmetall AG
43,Rheinmetall,2021,1,106,17,17,11,,39,2,17,1,,1,,,13,1,0,0,,13,0,4,6,2,6,104,,8,3,,,63,,,,,,435,21,4597,1375,0.094626931,0.004568197,Manufacturing,Rheinmetall AG
43,Rheinmetall,2022,0,91,17,18,8,,18,0,30,2,,1,,,15,3,0,2,,14,0,1,8,4,14,75,,9,5,,,60,,,,,,395,14,5309,1129,0.074401959,0.002637031,Manufacturing,Rheinmetall AG
43,Rheinmetall,2023,0,105,14,13,12,,24,0,10,1,,2,,,25,2,0,2,,9,1,2,8,9,12,112,,8,3,,,58,,,,,,432,12,5314,1455,0.081294693,0.002258186,Manufacturing,Rheinmetall AG
44,RocketInternet,2017,,16,2,3,3,,13,0,,2,,,,,,,,,,3,,0,1,,0,16,,0,,,,19,,,,,,78,9,3331,482,0.023416391,0.002701891,Telecommunication & IT,Rocket Internet SE
44,RocketInternet,2017,,16,2,3,3,,13,0,,2,,,,,,,,,,3,,0,1,,0,16,,0,,,,19,,,,,,78,9,3331,482,0.023416391,0.002701891,Telecommunication & IT,Rocket Internet SE
44,RocketInternet,2018,,23,0,2,1,,18,0,,2,,,,,,,,,,2,,1,0,,1,29,,2,,,,16,,,,,,97,8,3077,653,0.031524212,0.002599935,Telecommunication & IT,Rocket Internet SE
44,RocketInternet,2019,,15,0,6,0,,10,1,,0,,,,,,,,,,2,,0,2,,0,34,,2,,,,15,,,,,,87,9,3686,522,0.023602821,0.002441671,Telecommunication & IT,Rocket Internet SE
46,Sartorius,2017,,6,1,3,3,,0,0,0,0,,,,,0,1,0,0,,12,,1,2,0,0,12,0,1,1,,,8,,,,,,51,10,3577,277,0.014257758,0.002795639,Manufacturing,Sartorius AG
46,Sartorius,2018,,3,0,1,0,,0,0,0,0,,,,,1,1,0,0,,6,,0,1,0,0,5,0,0,0,,,4,,,,,,22,3,2996,153,0.007343124,0.001001335,Manufacturing,Sartorius AG
46,Sartorius,2019,,6,1,1,0,,0,0,1,0,,,,,1,0,0,0,,5,,0,1,0,0,3,0,0,0,,,3,,,,,,22,3,3292,144,0.006682868,0.0009113,Manufacturing,Sartorius AG
46,Sartorius,2020,,18,1,7,3,,0,0,13,0,,,,,1,1,0,2,,10,,0,4,18,9,36,0,2,8,,,29,,,,,,162,18,945,404,0.171428571,0.019047619,Manufacturing,Sartorius AG
46,Sartorius,2021,,19,2,9,6,,0,1,16,2,,,,,1,0,4,1,,5,,0,8,18,15,32,0,5,6,,,30,,,,,,180,12,3492,704,0.051546392,0.003436426,Manufacturing,Sartorius AG
46,Sartorius,2022,,11,10,5,2,,0,0,1,1,,,,,8,6,2,10,,5,,1,24,5,0,14,0,1,5,,,10,,,,,,121,11,3745,862,0.032309746,0.00293725,Manufacturing,Sartorius AG
46,Sartorius,2023,,3,11,3,0,,1,0,1,1,,,,,3,5,2,14,,5,,1,25,2,0,19,1,3,7,,,12,,,,,,119,11,4238,946,0.028079283,0.002595564,Manufacturing,Sartorius AG
48,Siemens_Healthineers,2023,,30,3,9,2,,19,2,0,0,,,,,,,,,,3,,0,0,,,61,,3,,,,18,,,,,,150,17,,,,,Manufacturing,Siemens Healthineers AG
49,Siltronic,2017,,24,9,8,7,,10,0,5,4,,3,,,5,3,0,0,,17,0,0,2,2,5,40,,5,8,,,48,,,,,,205,42,2291,696,0.089480576,0.018332606,Manufacturing,Siltronic AG
49,Siltronic,2018,,22,3,9,9,,21,0,15,4,,1,,,2,0,2,0,,10,0,0,1,0,9,54,,3,6,,,55,,,,,,226,22,3700,676,0.061081081,0.005945946,Manufacturing,Siltronic AG
49,Siltronic,2019,,36,8,5,12,,22,0,6,1,,0,,,3,1,1,1,,21,1,0,4,8,12,61,,4,8,,,70,,,,,,285,48,2965,852,0.096121417,0.01618887,Manufacturing,Siltronic AG
49,Siltronic,2020,,29,4,8,10,,10,2,5,2,,4,,,4,0,1,0,,16,0,1,3,9,10,43,,8,4,,,57,,,,,,230,42,2903,733,0.079228384,0.014467792,Manufacturing,Siltronic AG
49,Siltronic,2021,,35,10,11,6,,17,0,2,3,,1,,,10,2,0,0,,19,0,1,8,9,7,57,,11,4,,,35,,,,,,248,60,3259,756,0.076096962,0.018410555,Manufacturing,Siltronic AG
49,Siltronic,2022,,51,13,12,7,,16,1,12,1,,2,,,12,1,0,1,,9,0,0,9,9,16,65,,11,6,,,54,,,,,,308,53,3211,887,0.095920274,0.016505761,Manufacturing,Siltronic AG
52,Symrise,2017,0,43,4,11,14,,1,0,42,2,,4,,,1,0,3,2,,10,0,2,6,3,7,74,,7,14,,,63,,,,,0,313,35,1398,711,0.223891273,0.025035765,Manufacturing,Symrise AG
52,Symrise,2018,1,57,4,11,21,,0,0,39,3,,0,,,3,0,0,1,,8,0,2,5,0,11,88,,7,19,,,80,,,,,0,360,39,1686,819,0.213523132,0.023131673,Manufacturing,Symrise AG
52,Symrise,2019,1,75,14,10,18,,1,0,45,3,,1,,,5,0,0,0,,11,0,1,4,3,12,87,,9,18,,,81,,,,,0,399,39,1809,905,0.220563847,0.021558872,Manufacturing,Symrise AG
52,Symrise,2020,0,118,9,15,30,,2,1,62,3,,2,,,20,1,0,0,,14,0,2,13,21,26,118,,33,27,,,78,,,,,0,595,63,2384,1221,0.249580537,0.026426174,Manufacturing,Symrise AG
52,Symrise,2021,2,118,18,14,21,,1,1,48,4,,0,,,8,0,0,12,,7,0,5,19,26,21,117,,39,21,,,73,,,,,0,575,67,2471,1269,0.232699312,0.027114529,Manufacturing,Symrise AG
52,Symrise,2022,1,122,13,13,22,,2,1,68,5,,2,,,10,0,0,10,,12,1,10,20,27,29,143,,35,24,,,79,,,,,1,650,43,2882,1295,0.225537821,0.014920194,Manufacturing,Symrise AG
52,Symrise,2023,0,128,24,11,25,,6,0,72,6,,3,,,9,5,0,0,,22,0,8,23,31,30,173,,50,29,,,80,,,,,1,736,75,3014,1405,0.244193762,0.024883875,Manufacturing,Symrise AG
53,TAGImmobilien,2017,,25,5,2,3,,1,,4,0,,0,,,7,0,2,0,,21,,0,0,15,1,25,,1,4,,,14,,,,,,130,16,805,324,0.161490683,0.019875776,Real estate,TAG Immobilien AG
53,TAGImmobilien,2018,,29,7,4,1,,0,,3,1,,2,,,8,0,0,0,,24,,2,1,6,1,34,,1,2,,,14,,,,,,140,18,963,350,0.145379024,0.018691589,Real estate,TAG Immobilien AG
53,TAGImmobilien,2019,,32,5,15,10,,2,,4,1,,0,,,2,0,1,1,,23,,3,4,8,2,44,,5,13,,,43,,,,,,218,20,1183,532,0.184277261,0.016906171,Real estate,TAG Immobilien AG
53,TAGImmobilien,2020,,52,13,16,10,,4,,6,1,,0,,,5,0,0,1,,19,,0,5,4,3,29,,9,11,,,46,,,,,,234,17,1595,608,0.146708464,0.010658307,Real estate,TAG Immobilien AG
53,TAGImmobilien,2021,,51,17,11,5,,4,,1,0,,0,,,13,0,0,2,,40,,8,1,0,1,23,,10,0,,,27,,,,,,214,35,2239,570,0.095578383,0.015631979,Real estate,TAG Immobilien AG
53,TAGImmobilien,2022,,83,21,14,9,,4,,8,2,,0,,,21,1,2,2,,29,,3,3,12,10,49,,6,13,,,36,,,,,,328,39,1921,724,0.170744404,0.020301926,Real estate,TAG Immobilien AG
53,TAGImmobilien,2023,,0,0,0,0,,0,,0,0,,0,,,0,0,0,0,,2,,0,0,0,0,0,,0,0,,,0,,,,,,2,2,6,5,0.333333333,0.333333333,Real estate,TAG Immobilien AG
54,TeamViewer,2023,,22,8,11,13,,1,,7,1,,,,,6,,,1,,2,,,5,1,1,7,,3,,,,6,,,,,,95,11,487,210,0.195071869,0.022587269,Telecommunication & IT,TeamViewer AG
57,Uniper,2017,0,13,5,8,6,,0,,8,0,,0,,,16,1,1,0,,18,1,2,6,3,2,14,,2,4,,,5,,,,,,115,12,4382,857,0.026243724,0.002738476,Energy,Uniper SE
57,Uniper,2018,0,21,9,5,10,,0,,4,0,,0,,,15,1,0,0,,10,2,2,8,1,0,20,,1,6,,,9,,,,,,124,13,4382,857,0.028297581,0.002966682,Energy,Uniper SE
57,Uniper,2019,0,37,13,10,12,,1,,14,0,,1,,,25,1,0,1,,8,0,1,7,9,6,29,,5,5,,,15,,,,,,200,20,4346,848,0.046019328,0.004601933,Energy,Uniper SE
57,Uniper,2020,1,66,18,15,14,,3,,14,0,,0,,,31,1,1,1,,12,0,3,20,18,12,55,,5,11,,,31,,,,,,332,22,4396,862,0.075523203,0.00500455,Energy,Uniper SE
57,Uniper,2021,1,71,20,17,11,,1,,24,1,,0,,,27,0,0,0,,19,2,5,13,23,26,51,,7,7,,,18,,,,,,344,30,4407,881,0.078057636,0.006807352,Energy,Uniper SE
57,Uniper,2022,2,62,21,13,6,,4,,10,0,,0,,,38,1,3,0,,25,2,8,18,19,13,33,,6,4,,,11,,,,,,299,41,5948,756,0.050268998,0.006893073,Energy,Uniper SE
57,Uniper,2023,2,60,11,11,4,,0,,9,0,,1,,,31,0,0,1,,29,0,7,12,15,19,43,,6,7,,,13,,,,,,281,26,5942,603,0.047290475,0.004375631,Energy,Uniper SE
55,Telefonica,2017,0,12,2,8,0,,0,,3,0,,,,,8,1,,0,,6,,0,1,0,0,16,,2,0,,,2,,,,,,61,10,1536,215,0.039713542,0.006510417,Telecommunication & IT,Telefónica Deutschland Holding AG
55,Telefonica,2019,0,17,8,12,0,,0,,1,0,,,,,9,0,,0,,8,,0,3,1,0,28,,1,0,,,6,,,,,,94,20,2986,867,0.031480241,0.006697924,Telecommunication & IT,Telefónica Deutschland Holding AG
55,Telefonica,2020,1,14,16,14,0,,0,,5,0,,,,,10,0,,4,,17,,1,2,1,0,36,,6,0,,,10,,,,,,137,22,563,307,0.243339254,0.039076377,Telecommunication & IT,Telefónica Deutschland Holding AG
55,Telefonica,2021,1,28,14,17,14,,2,,6,0,,,,,9,0,,2,,8,,1,15,0,0,57,,6,8,,,23,,,,,,211,14,934,504,0.225910064,0.014989293,Telecommunication & IT,Telefónica Deutschland Holding AG
55,Telefonica,2023,0,41,14,10,15,,2,,54,3,,,,,8,1,,1,,15,,1,4,15,1,44,,18,11,,,21,,,,,,279,25,1364,592,0.204545455,0.018328446,Telecommunication & IT,Telefónica Deutschland Holding AG
58,UnitedInternet,2017,,11,5,8,9,,3,0,16,0,,,,,7,1,0,1,,17,,,2,7,,52,,9,5,,,33,,,,,,186,13,1012,505,0.183794466,0.01284585,Telecommunication & IT,United Internet AG
58,UnitedInternet,2018,,12,0,10,9,,4,1,9,3,,,,,6,2,0,5,,23,,,3,8,,61,,10,5,,,43,,,,,,214,22,1344,622,0.15922619,0.016369048,Telecommunication & IT,United Internet AG
58,UnitedInternet,2019,,22,5,9,4,,2,2,18,2,,,,,1,1,1,3,,18,,,9,5,,58,,5,8,,,37,,,,,,210,14,1840,678,0.114130435,0.007608696,Telecommunication & IT,United Internet AG
58,UnitedInternet,2020,,47,11,14,15,,3,2,25,1,,,,,8,0,0,4,,24,,,7,9,,65,,5,9,,,47,,,,,,296,12,2128,867,0.139097744,0.005639098,Telecommunication & IT,United Internet AG
58,UnitedInternet,2021,,42,10,9,13,,2,0,24,2,,,,,12,0,0,4,,16,,,8,7,,61,,6,6,,,43,,,,,,265,11,2090,840,0.126794258,0.005263158,Telecommunication & IT,United Internet AG
58,UnitedInternet,2022,,6,2,2,3,,0,0,10,0,,,,,0,2,0,8,,1,,,0,0,,22,,4,0,,,2,,,,,,62,0,1696,249,0.036556604,0,Telecommunication & IT,United Internet AG
58,UnitedInternet,2023,,31,3,7,6,,2,1,24,2,,,,,4,1,0,2,,9,,,2,4,,53,,13,6,,,23,,,,,,193,5,1793,485,0.107640825,0.002788622,Telecommunication & IT,United Internet AG
59,Varta,2017,,14,4,2,0,,20,0,0,0,,,,,28,,0,0,,8,,2,2,2,0,22,,0,1,,,12,,,,,,117,18,1794,364,0.065217391,0.010033445,Manufacturing,Varta AG
59,Varta,2018,,17,5,2,1,,14,0,0,0,,,,,35,,0,0,,13,,0,0,1,0,22,,1,1,,,22,,,,,,134,18,1963,485,0.068262863,0.009169638,Manufacturing,Varta AG
59,Varta,2019,,22,3,4,0,,14,1,0,0,,,,,23,,0,0,,10,,0,0,2,0,25,,1,1,,,16,,,,,,122,10,2095,471,0.05823389,0.00477327,Manufacturing,Varta AG
59,Varta,2020,,26,1,5,0,,28,0,0,0,,,,,27,,0,2,,14,,1,2,3,0,24,,0,1,,,31,,,,,,165,24,2437,676,0.067706196,0.009848174,Manufacturing,Varta AG
59,Varta,2021,,26,3,4,0,,17,0,0,2,,,,,32,,0,1,,19,,0,1,1,0,21,,0,0,,,16,,,,,,143,16,3130,603,0.045686901,0.005111821,Manufacturing,Varta AG
59,Varta,2022,,46,12,8,6,,4,0,44,0,,,,,14,,3,4,,13,,1,11,9,2,55,,11,11,,,19,,,,,,273,20,1050,511,0.26,0.019047619,Manufacturing,Varta AG
60,Zalando,2020,0,38,4,4,0,,5,,17,1,,,,,4,2,1,6,,6,0,3,13,21,0,33,,5,2,,,14,,,,,,179,33,976,403,0.183401639,0.033811475,Wholesale and retail trade,Zalando SE
60,Zalando,2021,0,14,4,3,2,,1,,4,1,,,,,5,5,2,8,,3,0,2,10,4,0,7,,1,0,,,9,,,,,,85,26,1111,275,0.076507651,0.02340234,Wholesale and retail trade,Zalando SE
60,Zalando,2022,1,27,5,0,3,,0,,13,0,,,,,3,0,0,2,,7,2,1,5,23,1,31,,1,2,,,5,,,,,,132,9,785,258,0.168152866,0.011464968,Wholesale and retail trade,Zalando SE
60,Zalando,2023,0,28,10,1,4,,2,,7,0,,,,,7,2,0,3,,6,0,1,10,10,3,37,,3,2,,,12,,,,,,148,16,736,297,0.201086957,0.02173913,Wholesale and retail trade,Zalando SE
61,Adidas,2017,,4,0,3,0,,1,0,1,0,,,,,1,0,,,,2,0,0,3,1,0,9,,2,0,,,3,,,,,,30,1,5514,147,0.005440696,0.000181357,Manufacturing,Adidas AG
61,Adidas,2020,,27,5,11,9,,16,0,5,1,,,,,10,0,,,,14,0,4,2,2,4,66,,5,4,,,32,,,,,,217,15,4898,955,0.044303797,0.003062474,Manufacturing,Adidas AG
61,Adidas,2021,,27,8,11,11,,13,0,8,1,,,,,12,0,,,,10,0,3,2,0,10,62,,8,2,,,28,,,,,,216,17,5277,778,0.040932348,0.003221527,Manufacturing,Adidas AG
61,Adidas,2022,,22,2,5,5,,7,1,7,0,,,,,1,0,,,,3,1,0,7,10,5,27,,6,0,,,11,,,,,,120,9,4728,467,0.025380711,0.001903553,Manufacturing,Adidas AG
61,Adidas,2023,,25,1,6,3,,11,1,7,0,,,,,0,2,,,,3,0,0,8,15,5,30,,5,1,,,14,,,,,,137,12,4798,411,0.028553564,0.002501042,Manufacturing,Adidas AG
62,Allianz,2023,,5,2,,,,,,,,,,,,,4,,1,,1,,,72,,,,,,,,,,,,,,,85,5,3676,163,0.02312296,0.001360174,Financial and insurance,Allianz SE
64,Bayer,2017,,2,,,,,,,,,,,,,,,,,,,,,,,,,,,,,,,,,,,,2,0,12,10,0.166666667,0,Manufacturing,Bayer AG
66,Continental,2018,0,19,2,12,12,,4,1,14,2,,0,,,1,1,3,3,,11,0,0,4,4,3,54,,9,2,,,25,,,,,,186,20,8826,782,0.021074099,0.002266032,Manufacturing,Continental AG
66,Continental,2019,1,19,18,8,12,,6,0,11,3,,1,,,7,2,4,9,,14,0,0,6,21,8,65,,8,4,,,35,,,,,,262,53,8928,443,0.029345878,0.00593638,Manufacturing,Continental AG
66,Continental,2020,1,37,24,11,10,,13,0,14,2,,2,,,3,7,0,8,,17,1,0,15,14,7,68,,14,4,,,42,,,,,,314,59,9350,453,0.033582888,0.00631016,Manufacturing,Continental AG
66,Continental,2021,2,46,27,14,15,,18,0,17,6,,2,,,8,3,0,8,,23,0,2,33,23,16,64,,8,6,,,84,,,,,,425,78,0,0,inf,inf,Manufacturing,Continental AG
66,Continental,2022,1,54,35,11,24,,14,0,13,2,,1,,,14,4,0,3,,18,0,6,29,17,8,66,,8,12,,,60,,,,,,400,50,3324,1032,0.120336943,0.015042118,Manufacturing,Continental AG
66,Continental,2023,3,55,18,11,15,,15,0,9,3,,0,,,9,1,0,4,,25,1,2,29,20,12,78,,8,12,,,63,,,,,,393,55,5321,545,0.073858297,0.010336403,Manufacturing,Continental AG
67,Covestro,2017,0,28,8,8,1,,1,0,3,1,,3,,,6,0,2,2,,22,0,1,10,17,16,38,,4,9,,,22,,,,,,202,30,847,408,0.238488784,0.035419126,Manufacturing,Covestro AG
67,Covestro,2018,0,30,3,4,6,,1,1,5,2,,0,,,8,0,5,3,,28,1,0,13,13,32,63,,3,7,,,33,,,,,,261,31,1049,527,0.248808389,0.029551954,Manufacturing,Covestro AG
67,Covestro,2019,0,72,11,10,4,,12,0,4,3,,0,,,7,2,0,2,,29,0,4,16,23,23,70,,5,14,,,45,,,,,,356,44,2438,819,0.146021329,0.01804758,Manufacturing,Covestro AG
67,Covestro,2023,2,74,11,6,9,,1,0,47,7,,2,,,19,3,0,5,,31,0,3,15,15,27,72,,13,15,,,43,,,,,,420,26,1868,827,0.2248394,0.01391863,Manufacturing,Covestro AG
65,BMW,2017,,51,33,9,13,,5,,59,1,,4,,,74,0,0,1,,36,1,8,6,13,22,80,,0,21,,,47,,,,,,484,67,3300,1022,0.146666667,0.02030303,Manufacturing,Bayerische Motoren Werke AG
65,BMW,2018,,1,2,2,0,,0,,0,0,,0,,,0,0,0,0,,0,0,0,0,0,0,6,,2,0,,,1,,,,,,14,0,2305,49,0.006073753,0,Manufacturing,Bayerische Motoren Werke AG
65,BMW,2019,,32,11,1,0,,1,,1,0,,0,,,19,0,0,0,,30,0,1,2,0,16,11,,3,4,,,4,,,,,,136,28,2776,579,0.048991354,0.010086455,Manufacturing,Bayerische Motoren Werke AG
65,BMW,2020,,12,2,0,4,,1,,0,0,,0,,,18,3,0,0,,16,0,2,1,0,0,17,,3,1,,,12,,,,,,92,6,6259,471,0.014698834,0.00095862,Manufacturing,Bayerische Motoren Werke AG
65,BMW,2021,,4,3,1,0,,1,,0,0,,0,,,2,0,0,0,,1,0,0,0,0,0,6,,0,0,,,0,,,,,,18,0,7254,416,0.00248139,0,Manufacturing,Bayerische Motoren Werke AG
65,BMW,2022,,75,27,6,4,,17,,5,2,,0,,,16,4,1,0,,32,0,1,21,8,14,67,,7,9,,,40,,,,,,356,21,6344,1039,0.056116015,0.003310214,Manufacturing,Bayerische Motoren Werke AG
65,BMW,2023,,1,1,0,0,,0,,0,0,,0,,,0,0,0,0,,0,0,0,0,0,0,0,,0,0,,,0,,,,,,2,1,13,11,0.153846154,0.076923077,Manufacturing,Bayerische Motoren Werke AG
68,Daimler,2021,,37,23,22,13,,2,,37,,,7,,,14,,1,1,,19,1,6,8,10,15,121,,13,13,,,53,,,,,,416,18,1976,900,0.210526316,0.009109312,Manufacturing,Daimler Truck Holding AG
68,Daimler,2021,,37,23,22,13,,2,,37,,,7,,,14,,1,1,,19,1,6,8,10,15,121,,13,13,,,53,,,,,,416,18,1976,900,0.210526316,0.009109312,Manufacturing,Daimler Truck Holding AG
70,DeutscheBank,2017,0,73,2,17,12,,26,2,15,0,,,,,6,0,0,0,,12,0,0,7,2,5,68,,11,0,,,45,,,,,,303,24,1627,807,0.186232329,0.014751076,Financial and insurance,Deutsche Bank AG
70,DeutscheBank,2018,1,63,8,14,6,,7,2,17,1,,,,,11,0,1,5,,8,0,2,7,4,5,71,,18,1,,,21,,,,,,273,19,1443,678,0.189189189,0.013167013,Financial and insurance,Deutsche Bank AG
70,DeutscheBank,2019,1,68,7,15,7,,9,0,23,0,,,,,8,0,3,2,,8,0,1,4,8,6,64,,10,2,,,20,,,,,,266,27,1638,659,0.162393162,0.016483516,Financial and insurance,Deutsche Bank AG
70,DeutscheBank,2020,0,111,7,15,10,,16,0,22,0,,,,,9,1,2,1,,7,0,1,5,9,7,97,,11,2,,,32,,,,,,365,28,2361,947,0.15459551,0.011859382,Financial and insurance,Deutsche Bank AG
70,DeutscheBank,2021,1,150,16,15,17,,23,1,27,0,,,,,14,2,0,1,,16,0,3,4,7,6,70,,13,1,,,27,,,,,,414,41,2753,1110,0.150381402,0.014892844,Financial and insurance,Deutsche Bank AG
70,DeutscheBank,2022,0,46,9,23,1,,5,0,6,1,,,,,8,4,0,1,,13,0,2,11,2,0,41,,6,0,,,6,,,,,,185,11,3379,572,0.054749926,0.003255401,Financial and insurance,Deutsche Bank AG
70,DeutscheBank,2023,0,88,21,30,6,,11,1,16,1,,,,,26,1,0,1,,15,3,2,13,9,17,116,,30,1,,,18,,,,,,426,25,9646,1095,0.044163384,0.002591748,Financial and insurance,Deutsche Bank AG
72,DeutschePost,2017,0,36,18,7,10,,1,,15,0,,0,,,11,0,2,0,,5,,0,5,3,3,52,,3,13,,,35,,,,,,219,16,1291,508,0.169635941,0.012393493,Transportation and storage,Deutsche Post AG
72,DeutschePost,2018,0,42,28,14,10,,2,,22,2,,2,,,12,2,0,0,,8,,1,11,2,4,79,,4,16,,,54,,,,,,315,22,2026,781,0.155478776,0.010858835,Transportation and storage,Deutsche Post AG
72,DeutschePost,2019,0,16,6,9,6,,0,,3,1,,0,,,4,0,0,0,,3,,1,3,2,3,43,,5,8,,,23,,,,,,136,10,2106,534,0.064577398,0.004748338,Transportation and storage,Deutsche Post AG
72,DeutschePost,2020,1,20,5,10,2,,13,,1,0,,0,,,1,0,0,0,,2,,0,3,0,0,30,,4,5,,,64,,,,,,161,22,2533,506,0.063560995,0.008685353,Transportation and storage,Deutsche Post AG
72,DeutschePost,2021,1,33,9,4,2,,16,,4,1,,1,,,2,0,0,1,,4,,1,8,0,0,29,,4,5,,,33,,,,,,158,30,2394,421,0.065998329,0.012531328,Transportation and storage,Deutsche Post AG
72,DeutschePost,2022,0,44,13,7,3,,6,,2,1,,0,,,7,2,0,0,,6,,0,11,1,0,30,,3,8,,,31,,,,,,175,18,2723,422,0.064267352,0.006610356,Transportation and storage,Deutsche Post AG
73,DeutscheTelekom,2017,,32,6,6,2,,12,0,4,0,,,,,8,,,1,,17,0,2,3,0,1,36,,0,1,,,32,,,,,,163,38,7147,1296,0.022806772,0.005316916,Telecommunication & IT,Deutsche Telekom AG
73,DeutscheTelekom,2018,,86,18,15,2,,31,1,23,4,,,,,7,,,1,,27,2,0,6,1,1,106,,10,4,,,70,,,,,,415,56,7679,1762,0.054043495,0.007292616,Telecommunication & IT,Deutsche Telekom AG
73,DeutscheTelekom,2019,,30,4,4,2,,16,0,7,1,,,,,6,,,1,,5,0,0,3,1,0,26,,2,2,,,18,,,,,,128,16,4324,770,0.02960222,0.003700278,Telecommunication & IT,Deutsche Telekom AG
73,DeutscheTelekom,2020,,14,0,6,1,,4,0,1,0,,,,,1,,,0,,2,0,0,4,1,0,21,,0,1,,,8,,,,,,64,4,3532,374,0.018120045,0.001132503,Telecommunication & IT,Deutsche Telekom AG
73,DeutscheTelekom,2021,,19,2,5,2,,3,0,2,0,,,,,3,,,0,,7,0,0,2,1,0,26,,4,3,,,10,,,,,,89,8,3968,639,0.022429435,0.002016129,Telecommunication & IT,Deutsche Telekom AG
73,DeutscheTelekom,2022,,4,1,1,1,,2,0,1,0,,,,,3,,,0,,10,0,1,1,0,1,11,,1,0,,,1,,,,,,39,5,4330,552,0.009006928,0.001154734,Telecommunication & IT,Deutsche Telekom AG
73,DeutscheTelekom,2023,,11,8,0,1,,4,2,6,0,,,,,2,,,0,,11,0,0,6,0,0,28,,0,0,,,4,,,,,,83,4,,,,,Telecommunication & IT,Deutsche Telekom AG
74,EON,2017,0,122,22,9,18,,14,1,16,0,,0,,,83,1,1,4,,40,0,3,12,12,11,90,1,7,33,,,38,,,,,0,538,45,2576,1201,0.208850932,0.017468944,Energy,E.ON SE
74,EON,2018,0,85,29,10,3,,5,0,15,0,,2,,,88,3,0,4,,34,2,7,20,10,7,92,0,10,27,,,26,,,,,0,479,55,5322,1109,0.090003758,0.010334461,Energy,E.ON SE
74,EON,2019,0,33,10,2,0,,2,0,3,0,,0,,,24,1,0,0,,10,0,2,5,2,0,8,0,0,5,,,5,,,,,0,112,16,5523,1464,0.020278834,0.002896976,Energy,E.ON SE
74,EON,2020,1,114,27,10,10,,5,0,27,2,,6,,,73,2,8,4,,34,0,7,20,6,22,106,0,14,25,,,46,,,,,0,569,60,6969,1498,0.081647295,0.008609557,Energy,E.ON SE
74,EON,2021,1,122,30,16,16,,4,0,26,2,,3,,,63,6,4,4,,34,0,5,29,10,17,125,0,16,35,,,66,,,,,1,635,40,7422,1708,0.085556454,0.005389383,Energy,E.ON SE
75,FreseniusMedical,2023,,12,3,2,8,,1,,21,1,,,,,2,2,,1,,3,,,7,3,15,51,,6,8,,,21,,,,,,167,7,1075,356,0.155348837,0.006511628,Manufacturing,Fresenius SE & Co. KGaA
77,HeidelbergMaterials,2017,0,4,1,2,3,,0,,0,0,,0,,,6,1,0,0,,3,,1,1,1,0,13,,2,4,,,2,,,,,,44,7,4,4,11,1.75,Manufacturing,Heidelberg Materials AG
77,HeidelbergMaterials,2018,0,3,0,1,1,,0,,2,0,,0,,,5,0,0,0,,0,,1,3,2,1,6,,0,4,,,5,,,,,,34,6,10405,734,0.00326766,0.000576646,Manufacturing,Heidelberg Materials AG
77,HeidelbergMaterials,2019,0,7,1,2,1,,0,,2,1,,1,,,5,0,0,0,,0,,4,1,2,0,13,,2,3,,,6,,,,,,51,9,1039,202,0.049085659,0.008662175,Manufacturing,Heidelberg Materials AG
77,HeidelbergMaterials,2020,0,4,5,1,1,,0,,1,0,,0,,,6,0,0,0,,1,,1,2,0,0,11,,0,1,,,5,,,,,,39,3,1634,229,0.023867809,0.001835985,Manufacturing,Heidelberg Materials AG
77,HeidelbergMaterials,2021,0,27,8,3,3,,1,,2,1,,0,,,17,1,2,0,,2,,3,5,1,0,12,,2,5,,,4,,,,,,99,11,8,6,12.375,1.375,Manufacturing,Heidelberg Materials AG
77,HeidelbergMaterials,2022,0,29,8,4,4,,7,,0,0,,0,,,13,5,0,0,,12,,1,2,2,2,31,,6,18,,,14,,,,,,158,14,11137,507,0.014186944,0.001257071,Manufacturing,Heidelberg Materials AG
77,HeidelbergMaterials,2023,2,118,25,6,11,,29,,11,1,,3,,,18,4,0,7,,34,,1,38,22,36,85,,6,29,,,62,,,,,,548,81,8912,1162,0.061490126,0.009088869,Manufacturing,Heidelberg Materials AG
75,Fresenius,2019,,39,1,22,12,,31,3,20,3,,0,,,2,0,,0,,20,0,0,4,7,7,207,,34,15,,,48,,,,,,475,27,5981,1688,0.079418157,0.004514295,Manufacturing,Fresenius SE & Co. KGaA
75,Fresenius,2020,,50,4,22,12,,35,1,39,4,,2,,,19,1,,1,,35,1,3,3,18,16,216,,28,24,,,78,,,,,,612,49,6977,1766,0.087716784,0.007023076,Manufacturing,Fresenius SE & Co. KGaA
75,Fresenius,2021,,62,4,25,15,,32,0,35,3,,2,,,15,0,,0,,38,0,1,7,20,27,259,,39,37,,,118,,,,,,739,52,7806,2345,0.094670766,0.006661542,Manufacturing,Fresenius SE & Co. KGaA
78,Henkel,2017,0,18,13,5,1,,0,0,0,1,,0,,,9,3,0,0,,22,1,2,3,2,1,29,,1,2,,,25,,,,,,138,26,2132,705,0.064727955,0.012195122,Manufacturing,Henkel AG & Co. KGaA
78,Henkel,2018,1,57,22,6,4,,5,0,16,5,,0,,,33,1,4,1,,24,0,3,10,49,21,56,,3,5,,,63,,,,,,389,67,2198,1011,0.176979072,0.030482257,Manufacturing,Henkel AG & Co. KGaA
78,Henkel,2019,0,76,20,5,8,,8,0,37,1,,5,,,29,0,2,4,,35,1,10,11,91,16,70,,6,7,,,49,,,,,,491,61,2669,1170,0.183964031,0.022855002,Manufacturing,Henkel AG & Co. KGaA
78,Henkel,2020,0,109,26,6,9,,11,2,37,3,,0,,,37,0,1,3,,38,0,14,15,91,16,77,,3,13,,,65,,,,,,576,94,3223,1380,0.178715482,0.029165374,Manufacturing,Henkel AG & Co. KGaA
78,Henkel,2021,1,102,18,6,19,,6,0,46,2,,2,,,31,7,0,1,,23,0,10,16,58,34,92,,2,10,,,69,,,,,,555,70,2537,1184,0.218762318,0.027591644,Manufacturing,Henkel AG & Co. KGaA
78,Henkel,2022,1,110,21,3,8,,10,0,49,1,,0,,,38,6,0,10,,36,0,13,21,63,45,70,,5,11,,,60,,,,,,581,86,2897,1270,0.200552295,0.029685882,Manufacturing,Henkel AG & Co. KGaA
78,Henkel,2023,0,129,20,11,15,,8,0,42,2,,0,,,40,5,1,5,,32,1,5,29,75,44,100,,6,10,,,67,,,,,,647,73,3133,1411,0.206511331,0.023300351,Manufacturing,Henkel AG & Co. KGaA
74,Infineon,2017,0,18,2,2,7,,1,,15,0,,0,,,8,4,0,1,,20,0,1,8,8,22,30,,5,6,,,13,,,,,,171,36,787,375,0.217280813,0.045743329,Energy,E.ON SE
74,Infineon,2018,0,20,3,1,11,,0,,22,0,,0,,,6,5,0,2,,13,1,0,5,11,19,39,,6,5,,,12,,,,,,181,37,796,400,0.227386935,0.046482412,Energy,E.ON SE
74,Infineon,2019,0,26,3,2,9,,1,,24,1,,1,,,11,3,2,2,,16,0,2,8,9,20,40,,5,6,,,18,,,,,,209,37,867,427,0.24106113,0.042675894,Energy,E.ON SE
74,Infineon,2020,0,37,15,3,10,,0,,25,0,,2,,,6,2,5,1,,23,1,0,6,10,20,49,,3,9,,,17,,,,,,244,56,1118,539,0.218246869,0.050089445,Energy,E.ON SE
74,Infineon,2021,3,35,16,2,11,,0,,31,0,,2,,,14,1,3,3,,28,0,1,10,9,26,57,,5,14,,,24,,,,,,295,55,1162,563,0.253872633,0.047332186,Energy,E.ON SE
74,Infineon,2022,2,49,10,7,10,,1,,29,0,,0,,,19,2,3,5,,18,0,1,11,10,29,69,,3,12,,,25,,,,,,315,53,1166,572,0.270154374,0.045454545,Energy,E.ON SE
74,Infineon,2023,1,53,17,4,10,,1,,54,0,,0,,,29,4,0,1,,17,0,0,6,12,34,53,,3,9,,,22,,,,,,330,56,1432,671,0.230446927,0.039106145,Energy,E.ON SE
80,Linde,2018,0,35,12,8,8,,2,,44,,,0,,,6,2,0,6,,26,1,4,30,14,22,56,,6,10,,,13,,,,,,305,72,1924,673,0.158523909,0.037422037,Manufacturing,Linde Plc
80,Linde,2020,0,44,39,3,8,,7,,28,,,0,,,30,2,2,11,,25,1,9,32,10,50,44,,3,4,,,13,,,,,,365,86,2264,838,0.161219081,0.037985866,Manufacturing,Linde Plc
80,Linde,2021,0,29,40,3,9,,4,,35,,,0,,,26,0,0,8,,26,1,5,57,26,52,46,,1,7,,,4,,,,,,379,76,2514,717,0.150755768,0.030230708,Manufacturing,Linde Plc
80,Linde,2022,3,51,40,5,8,,4,,35,,,2,,,28,6,0,7,,21,0,5,41,18,59,47,,6,4,,,10,,,,,,400,107,2421,909,0.165220983,0.044196613,Manufacturing,Linde Plc
81,MercedesBenz,2017,0,33,25,17,7,,2,,30,1,,3,,,20,2,2,1,,13,0,3,4,5,1,99,,18,3,,,30,,,,,,319,26,1862,755,0.17132116,0.01396348,Manufacturing,Mercedes-Benz Group AG
81,MercedesBenz,2018,0,17,35,17,10,,3,,55,0,,2,,,21,1,4,3,,22,0,1,10,4,0,103,,15,8,,,52,,,,,,383,41,2395,904,0.159916493,0.017118998,Manufacturing,Mercedes-Benz Group AG
81,MercedesBenz,2019,2,72,79,30,28,,1,,80,1,,3,,,32,7,0,6,,45,3,5,24,18,12,197,,27,18,,,84,,,,,,774,68,4087,1709,0.189380964,0.016638121,Manufacturing,Mercedes-Benz Group AG
81,MercedesBenz,2020,0,80,65,27,28,,6,,115,0,,1,,,51,3,0,14,,62,1,3,22,19,11,186,,36,28,,,67,,,,,,825,65,4398,1816,0.187585266,0.014779445,Manufacturing,Mercedes-Benz Group AG
82,Merck,2023,1,108,16,18,33,,9,,59,3,,1,,,13,1,,4,,13,,3,20,48,41,225,,17,23,,,97,,,,,,753,33,4089,1681,0.184152605,0.008070433,Manufacturing,Merck KGaA
83,MTUAero,2017,0,34,24,6,13,,4,,23,0,,3,,,10,0,0,2,,23,1,4,11,8,12,56,,8,9,,,38,,,,,,289,48,1374,621,0.210334789,0.034934498,Manufacturing,MTU Aero Engines AG
83,MTUAero,2018,1,38,8,6,12,,2,,15,0,,2,,,9,0,0,0,,12,0,2,5,7,13,40,,8,7,,,51,,,,,,238,26,1211,592,0.196531792,0.02146986,Manufacturing,MTU Aero Engines AG
83,MTUAero,2019,2,64,17,9,25,,4,,31,0,,4,,,9,1,1,1,,21,0,2,12,7,17,55,,5,11,,,55,,,,,,353,33,1595,828,0.221316614,0.020689655,Manufacturing,MTU Aero Engines AG
83,MTUAero,2020,1,70,16,25,28,,2,,29,2,,5,,,31,2,0,2,,21,0,5,8,5,15,78,,8,12,,,74,,,,,,439,45,1762,938,0.249148695,0.02553916,Manufacturing,MTU Aero Engines AG
83,MTUAero,2021,1,53,17,25,22,,2,,33,1,,2,,,21,1,1,2,,15,0,1,11,9,15,47,,11,7,,,64,,,,,,361,31,1743,848,0.207114171,0.017785427,Manufacturing,MTU Aero Engines AG
83,MTUAero,2022,1,27,7,16,16,,0,,39,2,,0,,,14,4,0,0,,16,1,1,7,9,11,41,,5,10,,,44,,,,,,271,20,1357,744,0.199705232,0.014738394,Manufacturing,MTU Aero Engines AG
83,MTUAero,2023,0,40,14,22,18,,4,,46,0,,6,,,16,3,0,5,,24,0,0,9,7,16,73,,6,14,,,57,,,,,,380,34,1523,817,0.249507551,0.02232436,Manufacturing,MTU Aero Engines AG
84,MunichRE,2017,0,9,0,2,6,,0,0,13,0,,,,,1,1,0,0,,3,,0,2,2,1,10,,2,1,,,4,,,,,,57,4,2338,133,0.024379812,0.001710864,Financial and insurance,Münchener Rückversicherungs-Gesellschaft
84,MunichRE,2018,0,25,1,2,4,,1,0,7,0,,,,,0,0,0,1,,2,,0,1,0,0,8,,1,0,,,1,,,,,,54,0,2495,147,0.021643287,0,Financial and insurance,Münchener Rückversicherungs-Gesellschaft
84,MunichRE,2019,1,108,10,14,13,,13,1,20,1,,,,,15,0,2,6,,9,,3,3,2,1,62,,7,0,,,21,,,,,,312,31,1438,706,0.216968011,0.021557719,Financial and insurance,Münchener Rückversicherungs-Gesellschaft
84,MunichRE,2020,2,155,13,9,12,,4,0,25,0,,,,,6,1,2,3,,3,,2,16,3,2,70,,15,0,,,27,,,,,,370,18,1852,869,0.199784017,0.009719222,Financial and insurance,Münchener Rückversicherungs-Gesellschaft
84,MunichRE,2021,2,145,13,14,16,,12,0,28,0,,,,,19,0,2,1,,14,,1,16,5,1,70,,22,2,,,41,,,,,,424,36,3028,975,0.14002642,0.011889036,Financial and insurance,Münchener Rückversicherungs-Gesellschaft
84,MunichRE,2022,3,134,29,16,13,,9,0,39,0,,,,,20,2,0,2,,8,,3,18,3,2,63,,21,3,,,35,,,,,,423,45,3021,926,0.140019861,0.01489573,Financial and insurance,Münchener Rückversicherungs-Gesellschaft
84,MunichRE,2023,3,179,19,13,13,,6,0,46,1,,,,,10,2,1,3,,5,,1,24,1,2,75,,19,4,,,44,,,,,,471,35,2879,1007,0.163598472,0.012156999,Financial and insurance,Münchener Rückversicherungs-Gesellschaft
86,RWE,2017,0,70,10,25,12,,8,0,14,1,,0,,,17,0,0,0,,16,1,3,16,11,14,73,0,3,15,,,24,,,,,0,333,24,2051,777,0.162359824,0.011701609,Energy,RWE AG
86,RWE,2018,0,86,12,25,8,,8,0,13,0,,1,,,41,3,0,1,,18,3,8,10,14,12,87,0,7,22,,,25,,,,,1,405,17,2162,853,0.187326549,0.00786309,Energy,RWE AG
86,RWE,2019,0,59,9,17,10,,6,0,7,1,,0,,,38,3,0,2,,20,1,3,10,12,12,57,0,3,10,,,24,,,,,1,305,22,1621,679,0.18815546,0.013571869,Energy,RWE AG
86,RWE,2020,2,53,8,19,23,,7,6,36,8,,3,,,23,4,5,0,,14,12,35,23,25,14,60,2,4,13,,,30,,,,,1,430,35,1959,927,0.219499745,0.017866258,Energy,RWE AG
86,RWE,2021,3,101,17,15,17,,8,1,18,1,,0,,,48,3,0,2,,25,3,6,15,25,10,58,0,6,13,,,25,,,,,0,420,18,2263,924,0.185594344,0.007954043,Energy,RWE AG
86,RWE,2022,1,12,2,7,6,,1,0,11,1,,3,,,9,1,0,1,,3,1,5,8,22,7,22,0,3,7,,,14,,,,,0,147,9,567,269,0.259259259,0.015873016,Energy,RWE AG
86,RWE,2023,0,16,11,3,6,,1,0,8,1,,0,,,12,1,2,0,,0,1,4,2,6,1,12,0,5,6,,,12,,,,,0,110,12,505,232,0.217821782,0.023762376,Energy,RWE AG
86,RWE,2023,0,16,11,3,6,,1,0,8,1,,0,,,12,1,2,0,,0,1,4,2,6,1,12,0,5,6,,,12,,,,,0,110,12,5359,877,0.020526218,0.002239224,Energy,RWE AG
87,SAP,2023,1,44,9,20,20,,16,4,25,7,,3,,,16,2,,3,,18,6,8,39,19,11,105,4,8,9,,,52,,,,,,449,14,4666,1221,0.096228033,0.003000429,Telecommunication & IT,SAP SE
85,Porsche,2017,0,19,0,3,5,,0,1,4,4,,3,,,1,0,1,1,,50,4,3,4,5,9,22,0,5,5,,,21,,0,,0,,170,25,2158,548,0.078776645,0.011584801,Manufacturing,Porsche SE
85,Porsche,2018,0,15,4,4,8,,1,1,4,6,,3,,,5,0,0,0,,13,6,5,32,1,6,44,0,3,8,,,31,,0,,0,,200,24,2702,646,0.074019245,0.008882309,Manufacturing,Porsche SE
85,Porsche,2019,0,15,8,9,16,,5,1,11,5,,3,,,5,0,0,0,,12,2,8,25,1,0,39,0,6,3,,,37,,2,,0,,213,23,2918,731,0.072995202,0.007882111,Manufacturing,Porsche SE
85,Porsche,2020,1,24,14,5,13,,12,3,20,10,,6,,,14,1,0,2,,16,7,10,52,13,9,46,0,8,11,,,53,,1,,0,,351,33,3713,991,0.094532723,0.008887692,Manufacturing,Porsche SE
85,Porsche,2021,0,40,21,6,25,,2,4,38,3,,3,,,15,0,0,0,,9,10,13,21,15,11,51,1,7,12,,,53,,0,,1,,361,22,5092,1141,0.070895522,0.004320503,Manufacturing,Porsche SE
85,Porsche,2022,0,15,6,22,23,,7,2,40,9,,4,,,18,2,1,4,,9,10,10,13,30,0,71,1,24,10,,,50,,1,,1,,383,18,7604,1178,0.050368227,0.002367175,Manufacturing,Porsche SE
85,Porsche,2023,0,12,6,14,8,,2,3,10,4,,1,,,10,2,0,1,,7,9,9,16,5,1,35,3,8,1,,,34,,2,,0,,203,10,8497,939,0.023890785,0.001176886,Manufacturing,Porsche SE
88,Siemens,2023,1,17,15,19,20,,3,1,50,7,,8,,,11,0,0,3,,31,4,9,20,5,5,54,1,6,13,,,34,,1,,1,1,340,33,2802,723,0.121341899,0.011777302,Manufacturing,Siemens AG
89,Volkswagen,2017,0,15,7,5,9,,4,2,28,2,,3,,,0,0,,3,,10,1,2,14,4,0,18,,10,3,,,41,,,,,,181,15,1087,440,0.166513339,0.013799448,Manufacturing,Volkswagen AG
89,Volkswagen,2018,0,12,12,4,16,,5,0,21,6,,7,,,6,0,,4,,7,3,4,20,20,16,26,,10,3,,,32,,,,,,234,17,1861,573,0.12573885,0.009134874,Manufacturing,Volkswagen AG
89,Volkswagen,2019,0,59,27,8,20,,3,0,29,1,,1,,,23,0,,7,,15,0,4,11,11,9,85,,18,8,,,47,,,,,,386,27,2091,824,0.18460067,0.012912482,Manufacturing,Volkswagen AG
89,Volkswagen,2020,4,47,17,29,26,,5,3,54,12,,3,,,13,0,,7,,10,2,11,22,12,18,83,,16,9,,,43,,,,,,446,44,2113,928,0.211074302,0.020823474,Manufacturing,Volkswagen AG
89,Volkswagen,2021,3,67,39,8,12,,9,0,20,0,,5,,,25,0,,6,,9,0,1,18,15,8,83,,20,7,,,49,,,,,,404,33,2388,854,0.169179229,0.013819095,Manufacturing,Volkswagen AG
89,Volkswagen,2022,2,69,35,12,18,,8,0,46,0,,0,,,33,2,,4,,7,0,2,20,7,11,105,,23,7,,,30,,,,,,441,45,2436,971,0.181034483,0.018472906,Manufacturing,Volkswagen AG
89,Volkswagen,2023,0,40,20,10,9,,4,0,54,3,,2,,,34,2,,2,,15,0,2,13,12,6,95,,29,8,,,39,,,,,,399,42,2781,927,0.143473571,0.015102481,Manufacturing,Volkswagen AG
90,VONOVIA,2021,,27,1,1,1,,,,2,,,,,,5,,,,,,,,,,,3,,1,,,,5,,,,,,46,3,223,107,0.206278027,0.013452915,Real estate,Vonovia SE
